Time,V1,V2,V3,V4,V5,V6,V7,V8,V9,V10,V11,V12,V13,V14,V15,V16,V17,V18,V19,V20,V21,V22,V23,V24,V25,V26,V27,V28,Amount
22.0,-2.0742946722629,-0.121481799450951,1.3220206304896698,0.410007514171835,0.295197545759436,-0.9595372298443801,0.5439854912876559,-0.104626728092018,0.475664017945495,0.149450615348245,-0.856566363963256,-0.180523156037298,-0.6552329303574761,-0.27979685563853,-0.21166795514314998,-0.33332060969467103,0.010751094250554,-0.488472666295676,0.5057510344786039,-0.386693573241769,-0.40363949884012496,-0.227404004096502,0.7424348640767949,0.39853485544745604,0.249212161486784,0.274404273874965,0.359969356358436,0.24323167179891106,26.43
28625.0,-27.84818067198,15.598192662555402,-28.923755945104,6.418441746575319,-20.346228155413,-4.82820246578157,-19.2108964179086,18.329405525597,-3.66873493861418,-8.00915938639777,4.303095817595629,-6.00866000668561,1.1389688287939,-5.58044712038062,-0.11073711578577,-5.491073261634259,-11.588543599280904,-4.715420171231151,0.7345734930164041,1.69785626318366,1.8021491336386002,-2.06293427611466,-1.2698434361592401,0.16540918849222302,1.99949911253199,-0.211058522431997,1.3248094927950802,0.388090177732107,99.99
8169.0,0.857321003765953,4.09391182702914,-7.423893589485589,7.380244517886619,0.973366022888688,-2.7307615165805696,-1.4964970563344395,0.5430151726929221,-2.35119015933267,-3.94423849794435,6.35507773663404,-7.309747983823709,0.7484505505775,-9.057992529437447,-0.648944909074786,-1.07311652692728,1.52450091526025,1.8313635328360802,-0.0897244112241547,0.483302650495284,0.3750262851290169,0.145399853347782,0.240603265009756,-0.234649222710157,-1.0048809472004399,0.435831916241838,0.6183238051684821,0.148468944379397,1.0
7610.0,0.725645739819857,2.3008944377660296,-5.32997618300917,4.007682804682,-1.73041059025206,-1.73219256822244,-3.96859261813707,1.06372815344105,-0.48609655234483296,-4.62498495406596,5.5887239146762,-7.14824263637845,1.68045074096412,-6.2102577466102815,0.495282117814298,-3.5995402092184,-4.83032424210571,-0.649090120211694,2.2501232487881,0.504646226103286,0.589669127323198,0.10954131922991303,0.601045276521079,-0.36470027822003903,-1.8430776921519398,0.351909298434892,0.5945499780864639,0.0993722360416487,1.0
12.0,1.10321543528383,-0.0402962145973447,1.2673320885949,1.28909146962552,-0.735997163604068,0.28806916297626195,-0.586056786337461,0.18937971367959305,0.7823328917851908,-0.267975066537173,-0.450311279515466,0.936707714991982,0.708380406186981,-0.46864728770722097,0.354574063407955,-0.246634655717582,-0.00921237772707382,-0.5959124057008189,-0.57568162226261,-0.113910176982092,-0.0246120063374677,0.196001952806192,0.0138016541409422,0.10375833102319801,0.364297540595235,-0.38226057411321707,0.092809187460487,0.0370505169810008,12.99
18.0,0.24749112778366505,0.27766562735368105,1.18547084217971,-0.0926025498576041,-1.31439397897076,-0.15011599762266506,-0.9463649501116759,-1.61793505064675,1.54407140197844,-0.82988060074647,-0.583199526903095,0.5249332321599041,-0.45337529664688,0.0813930875646215,1.55520419597553,-1.39689489286937,0.7831308383246759,0.436621213910235,2.1778071683954296,-0.23098314290351896,1.6501803605415402,0.200454090999037,-0.185352508080436,0.42307314795406,0.8205912617509828,-0.22763186393476104,0.336634446911129,0.250475352427605,22.75
34.0,1.13831556625444,0.0569559699973862,0.649418964599217,0.8730620409242131,-0.468466330715866,-0.41019455224624896,-0.0138975543027732,-0.0724396093157116,0.306787909036459,-0.269952637390657,-0.0026018478230343607,1.1243042158991299,0.7442066841689371,-0.188353421358499,-0.07566196255573,-0.70919227171914,0.3812191025462871,-1.37208017404084,-0.273701149259017,-0.07835463280870797,-0.16422241479465,-0.24740053922934196,0.0594050645049741,0.45628646517405597,0.361004003525112,0.274414145848337,-0.0024983624466545108,0.017108846940255,21.34
29526.0,1.10280432542075,2.82916799881581,-3.93287026485548,4.70769143992869,2.93796685530025,-1.80090371765217,1.672734122106,-0.300240348680253,-2.7830110880529797,-1.88484243991678,3.7925653598568703,-1.4604711229673402,-1.31277627644381,-7.07736060637589,-0.299466316598551,2.4932276042067003,6.24498710234308,2.97174936407353,-2.67995024218857,-0.0308799718381793,-0.10699439567387599,-0.25005030358408803,-0.52162653336055,-0.448949514169716,1.29164648168516,0.516326673768638,0.009146281411241727,0.15331763551135,0.68
21046.0,-16.9174682656955,9.66990017304097,-23.736443410521602,11.8249902296814,-9.83054822917941,-2.51482887310345,-17.290656674821598,1.8204078670594999,-6.2649034878478895,-12.916636109170899,9.567110295213972,-13.7170673789468,0.8995407059156311,-13.2729650621928,-0.4022600442663121,-7.754094059366831,-11.644603205886199,-4.741302709624071,0.5846259726745799,0.996745095162688,-2.33611095619483,0.9727547262089741,1.2418658116806298,-1.05108624820763,0.0380090796054737,0.672317065099677,2.10847085205046,-1.42124325273233,1.0
6986.0,-4.39797444171999,1.3583670283975802,-2.5928442182572997,2.67978696694832,-1.12813094208956,-1.70653638774951,-3.49619729302467,-0.248777743025673,-0.24776789948007996,-4.80163740602813,4.895844223475232,-10.912819319401901,0.18437168583438696,-6.77109672468083,-0.00732618257771211,-7.358083221323461,-12.5984185405511,-5.13154862842983,0.30833394575869105,-0.17160787864795998,0.573574068424352,0.17696771804819506,-0.436206883597401,-0.0535018648884285,0.252405261951833,-0.657487754764504,-0.827135714578603,0.8495733799857679,59.0
36.0,1.09552460629831,-0.11608534573339199,1.39791191546724,1.49754690019101,-1.0491239994212,0.0728385348036489,-0.7238020802553008,0.28753247298073603,0.9963268123637959,-0.14914465283911701,-0.508291668719983,-0.0278409029803608,-1.3215597524445701,-0.0624044666639764,0.505750535601976,-0.209298470605219,0.20753653397702304,-0.47133470691294105,-0.7362975822369949,-0.275034578640693,-0.0332341723097201,0.0932618845502939,0.0894983953019386,0.361261297686165,0.250962947610691,-0.378279979683085,0.0810238996896179,0.0342269381560285,2.09
26523.0,-18.474867903441,11.586380519818402,-21.402916813139104,6.03851541556808,-14.4511581398683,-4.14652350569915,-14.856123673178,12.4311404723263,-4.05335328722588,-9.04039624894471,5.96620250720685,-8.46396612952571,0.0786921317878341,-9.092532651812947,0.0108220973904713,-7.1863755078292,-13.7974745003699,-4.9584939097108895,1.32116655982617,1.5779244011473998,1.74113559593371,-1.2511379488383605,-0.3962191261164749,0.0957055555718895,1.32275094272025,-0.217954564863573,1.62879253147016,0.4822482748654021,99.99
28143.0,-27.1436784229495,15.3658043803315,-28.4074244550982,6.37089534679314,-20.087877571857103,-4.66631306343841,-18.709478821371697,17.9035743750222,-3.7222787375324398,-8.120961737593431,4.4199434557766795,-6.21094112120869,1.06383739513242,-5.84352838067721,-0.108836449172905,-5.60659732565665,-11.7562556050179,-4.714946761316611,0.7835775937994921,1.70388764553958,1.79682638880552,-1.9609737165771601,-0.90224745220798,0.144011442167384,2.02438803943008,-0.20421406576938506,1.3321530590335902,0.385890728011147,99.99
28658.0,-28.524267593840605,15.876922987953598,-29.4687320925264,6.44759140152748,-20.7860000418837,-4.86561341755669,-19.501084075071198,18.7488719520883,-3.6429898192526298,-7.93964241937325,4.1846736894250895,-5.83507521523889,1.21595964527928,-5.33014378246253,-0.11863113815332199,-5.36777527618834,-11.4317569116986,-4.69692444373293,0.69268841200477,1.7068890619925001,1.8057697839260802,-2.11937616760819,-1.31744962200248,0.169845630469178,2.05168733506275,-0.210502000459411,1.30173396497076,0.38024618141850897,99.99
7672.0,0.702709900098753,2.42643280600508,-5.23451329584052,4.4166612429087575,-2.17080621591773,-2.66755356121463,-3.87808845483572,0.9113371222291948,-0.16619903917594198,-5.00924850212751,4.675729418656768,-8.16718805173089,0.638559282180499,-6.76333439062322,1.29686025605627,-3.81175840977789,-3.75412806618729,-1.04917740227906,1.5541972634589698,0.4227431291987021,0.5511796891172479,-0.00980235731325313,0.721698230069415,0.47324575140203295,-1.9593037711686998,0.31947554010746004,0.600484916486359,0.129305225096566,1.0
29785.0,0.92376442016477,0.34404807190464004,-2.88000365579163,1.72168007534123,-3.0195647786023505,-0.639736122583852,-3.8013245024591,1.29909588513018,0.864065471140902,-2.8952516683012597,3.02816223099618,-2.5491773077963598,-1.5604318247342301,-2.97131675769274,1.07889539651163,-4.70201182527384,-4.908098507327639,-1.5088732903485,3.0016850593747,0.170871765618069,0.8999311755668001,1.48127100376248,0.7252655491610579,0.17695958287262398,-1.8156379752364704,-0.536517111308732,0.48903502041190505,-0.0497285787992942,30.3
9064.0,-3.49910753739178,0.258555160773118,-4.48955807274398,4.85389435139681,-6.97452154477167,3.62838209065084,5.43127092073166,-1.9467337107847198,-0.775680092900109,-1.9877731876087001,4.69039566550924,-6.9980424321007,1.45401198637847,-3.7380233336674906,0.31774206255503,-2.01354268083989,-5.136135102670201,-1.18382211654359,1.66339401354543,-3.04262575715977,-1.05236825623151,0.204816873569406,-2.11900744010783,0.170278608305444,-0.39384411811833503,0.296367194488607,1.98591321801306,-0.900451638402827,1809.68
8528.0,0.447395553302475,2.48195386638743,-5.66081393141405,4.4559228120932,-2.4437797540431,-2.18504026247234,-4.7161429447009295,1.2498032517314699,-0.7183260665736909,-5.3903302556601,6.45418752494833,-8.48534657377678,0.635281408794591,-7.0199015591661205,0.53981407134798,-4.6498642988132,-6.2883575087822985,-1.33931232244731,2.26298478762517,0.549612970886705,0.756052550277073,0.140167768675,0.665411100673545,0.13146379172498598,-1.9082174115478798,0.334807598686864,0.748534284767756,0.17541379442289598,1.0
17.0,0.962496069914852,0.32846102605212,-0.17147905415064002,2.10920406774016,1.12956557126894,1.6960376856836,0.10771160731136699,0.521502163844302,-1.19131110205143,0.7243963145889029,1.6903299205808002,0.406773575635315,-0.9364212959345508,0.9837394191319899,0.7109107660680669,-0.602231772166344,0.40248437562727296,-1.7371620345245702,-2.02761232183279,-0.26932096654841897,0.14399742335114002,0.4024916614062911,-0.0485082211745289,-1.3718662945388898,0.39081388543865897,0.199963657504328,0.0163706432842991,-0.01460532767228,34.09
4.0,1.22965763450793,0.141003507049326,0.0453707735899449,1.20261273673594,0.19188098859764496,0.272708122899098,-0.005159002882509829,0.0812129398830894,0.464959994783886,-0.0992543211289237,-1.41690724314928,-0.15382582625365102,-0.75106271556262,0.16737196252175,0.0501435942254188,-0.4435867979167271,0.00282051247234708,-0.61198733994012,-0.0455750446637976,-0.21963255278685997,-0.167716265815783,-0.270709726172363,-0.15410378680930498,-0.7800554150046709,0.75013693580659,-0.25723684591713897,0.0345074297438413,0.005167768906249161,4.99
23.0,1.32270726911234,-0.17404083293642006,0.43455503125098704,0.576037652384661,-0.836758045983797,-0.8310834114838291,-0.264904960791055,-0.22098194266770396,-1.07142461772052,0.8685585475705271,-0.641506289794406,-0.11131577501741301,0.361485409760927,0.171945121866125,0.7821665318236322,-1.35587072953395,-0.216935152965165,1.2717653852030801,-1.24062193508556,-0.522950940722936,-0.284375572220815,-0.32335741063844897,-0.0377099050596787,0.3471509388084971,0.559639136527168,-0.280158165778367,0.04233525763971799,0.0288223002307744,16.0
13323.0,-5.454361779396732,8.287420555349831,-12.7528112729386,8.59434189301081,-3.10600228114338,-3.1799487568641402,-9.25279393795831,4.24506220985367,-6.32980084623466,-13.136698369103902,11.228470279576001,-17.1313009454468,-0.16940105681412398,-18.049997689859396,-1.3662356609906499,-9.7235653091894,-14.7449024646768,-5.24730110631125,-0.5746751437958171,1.3058619148343702,1.84616479291417,-0.267171794223081,-0.31080396975162106,-1.20168545799806,1.35217609502433,0.6084245963604029,1.5747147838420401,0.8087252050902329,1.0
12093.0,-4.69679522444504,2.69386747884008,-4.47513271259153,5.4676845487781,-1.5567580754975805,-1.5494202890425302,-4.10421487278526,0.553934075416293,-1.49846813107494,-4.59495176285009,5.27550585077254,-11.3490285500915,0.374549235103921,-8.13869488434773,0.548570894168134,-6.653594347413652,-10.2467554066001,-4.19106626655491,0.991486122257293,-0.158970548660611,0.5738980811126511,-0.0801627753981571,0.318407817148194,-0.24586220265085296,0.338238431564141,0.0322706213908033,-1.50845793363219,0.6080746825901011,0.0
1.0,-1.35835406159823,-1.3401630747360902,1.77320934263119,0.3797795930343279,-0.503198133318193,1.80049938079263,0.7914609564504219,0.24767578658899106,-1.5146543226058302,0.207642865216696,0.6245014594248951,0.06608368526883099,0.7172927314108309,-0.165945922763554,2.34586494901581,-2.8900831944423104,1.10996937869599,-0.12135931319588801,-2.26185709530414,0.524979725224404,0.247998153469754,0.771679401917229,0.9094122623477192,-0.689280956490685,-0.3276418337352511,-0.139096571514147,-0.0553527940384261,-0.0597518405929204,378.66
11080.0,-2.12548982597957,5.9735556917334405,-11.034727227444598,9.00714687170235,-1.6894505339716699,-2.85441528535313,-7.810440745258759,2.03086994595841,-5.902828122149839,-12.8409338181318,12.018913181619899,-17.7691434633638,-0.431035658230095,-19.2143254902614,-0.962464574748091,-10.2666091836641,-15.5033921000669,-5.494927642463289,-0.410480977392724,1.49377464554928,1.6465182926595,-0.278484510810644,-0.664841293974353,-1.16455536944202,1.70179641354046,0.69080561470369,2.1197487333703102,1.10893340333617,1.0
27.0,-1.45218727859439,1.76512373913739,0.611668540757038,1.17682498424561,-0.44597989205781297,0.246826451919258,-0.25756615568530605,1.0924724973131998,-0.607524461211062,0.0471555530038123,0.783726853195604,1.0963856736135,-0.26809420573452,0.768648040128495,-0.524367354238622,-0.808816147106875,0.710386067439587,-0.11836878699997,0.9792878355358052,0.00871333379747532,0.0822798172206588,0.325782190832103,-0.069107391080501,0.0209619966159794,-0.0446684875032122,-0.243441391677247,0.14918032518668695,0.12055690785019901,1.8
17187.0,1.08837493830851,0.8984740237210591,0.394684329076182,3.1702575745145203,0.17573879687403002,-0.221980885195245,-0.0229887284923858,-0.0108735366656839,0.860043617194172,-0.592472935320844,1.0727283997357802,-2.5475568142293104,1.23595005675711,-0.33030580375144103,-1.02235437464957,0.33564217251961403,2.29899822072815,-0.16209620948120002,-1.5327072124843202,-0.217358192249005,-0.42355390421586697,-0.800852284805578,0.0776144554303444,0.167608452574198,0.35018181744319393,-0.118940929478619,0.0129477659306532,0.0542542721018558,3.79
27.0,-0.2460459487038349,0.4732669033570101,1.6957375537405903,0.26241148797311703,-0.0108664136529745,-0.610835935296661,0.7939365455120659,-0.24725283090862804,0.138879113774066,-0.401007068346067,-0.812050381942678,-0.183524462361787,-0.6301128871022379,-0.286217451066222,-0.33704632357750103,-0.42810547355755,-0.0306021083323427,-0.504568166264421,0.355180278263647,0.0457211272611911,-0.19459993520722305,-0.335132725895693,-0.0781796063470994,0.3927838915271579,-0.0311571467736638,0.19803679947282105,-0.17534730074182298,-0.20361615570141398,30.49
50.0,-0.671708547741052,0.59450259438803,0.21641594395457608,-0.867310638854276,2.96690830110092,3.6324948737380898,0.563295074740477,0.673025596986071,-0.18876614376242198,-0.4043782918305179,-0.699710626192874,-0.184142608712838,-0.4268130336539421,-0.183001108223398,-0.7477316832192421,-0.0377075788937061,-0.8664596384744508,-0.0072573202600080405,-0.160432044223361,-0.0027843343756349197,-0.136440966831564,-0.30036202560194497,-0.33169162341660197,0.996382470868604,0.502469492348796,-0.51804304841771,-0.208275755084745,-0.11604840639451595,14.8
49.0,0.9215436797235528,-0.0670837542257563,0.0774610275787093,0.953638217022313,0.0674124629108227,0.0161524649547512,0.32045155695341,0.0385340276125158,-0.391512665081147,0.0315602452397677,1.39169118010671,1.07936321996869,0.10626771168399696,0.6659852513348079,0.4422535577488701,0.12264635495978099,-0.49239158611435896,-0.535140313996294,-0.0780818341113634,0.120050785637899,-0.333929581340575,-1.29991956674342,0.0843109903360168,-0.37039787119881706,0.155101565371628,-0.834490365033198,0.000909065197964509,0.035546875724877997,135.51
18.0,1.1666163824422802,0.502120087854101,-0.0673003143663533,2.26156923949128,0.42880419463070796,0.0894735167274599,0.241146579907281,0.138081705243702,-0.989162395259052,0.922174967079328,0.7447857894372719,-0.531377250104474,-2.1053464503177,1.1268701048815601,0.0030753225149003608,0.4244245063566061,-0.4544752916637079,-0.0988706272108058,-0.816597306905994,-0.307168508741084,0.0187018719918659,-0.0619722672279421,-0.103854921794533,-0.37041517665059903,0.6032003386748729,0.108555872801682,-0.0405207055560295,-0.0114178152991164,2.28
33.0,-0.9357315089712608,0.170415774156885,2.7462612691602404,-1.07796491232198,-0.305594036012037,0.011577039242069,-0.29617845074107896,0.4027755697490321,-0.0404717463090409,-0.8520459755903579,1.55210930576859,0.953561030493519,0.415429902142844,-0.233899924821916,0.452335831951489,0.8443682769577241,-0.822739085535726,0.338821621743895,-1.2142344276447299,-0.00541945029011228,0.401212016276093,1.06486425408903,-0.15832543563046,0.295505486260758,-0.259369647631841,0.754194722556598,0.0466637698225124,0.09394791822514698,9.1
59.0,-0.773292609110981,-4.1460072502577,-0.932037567076045,0.0270936838890165,-1.69830732179181,0.460187805225441,0.737344474460422,-0.314215581514513,-0.84267253845447,0.0172757940177998,-0.6175603317278859,-0.197503535476567,1.59495759349141,-0.25987879712878303,1.22102546560587,1.32463951224473,0.12054018555004599,-1.24864887121931,-0.00506979108522488,2.44278177400485,0.890977779336871,0.0261225750123657,-1.1347693370818002,-0.654958249952389,0.0983862618989874,-0.209149914074031,-0.17170915638365306,0.20805664115886305,1142.02
0.0,-1.3598071336738,-0.0727811733098497,2.53634673796914,1.37815522427443,-0.33832076994251803,0.462387777762292,0.239598554061257,0.0986979012610507,0.363786969611213,0.0907941719789316,-0.551599533260813,-0.617800855762348,-0.991389847235408,-0.31116935369987897,1.46817697209427,-0.47040052525947795,0.20797124192924202,0.0257905801985591,0.403992960255733,0.251412098239705,-0.018306777944153,0.277837575558899,-0.110473910188767,0.0669280749146731,0.12853935827352805,-0.189114843888824,0.13355837674038698,-0.0210530534538215,149.62
12.0,-2.7918547659338997,-0.327770756658658,1.64175016056605,1.76747274389883,-0.136588446465306,0.8075964682653199,-0.422911389711497,-1.90710747624096,0.7557129083147909,1.1510869876677,0.8445554709743771,0.7929439518176,0.37044809280324603,-0.7349751058203109,0.40679571043100105,-0.303057623825763,-0.15586871479387399,0.7782654570415358,2.22186801373788,-1.58212204356551,1.1516630484878898,0.222181966098225,1.02058620426601,0.0283166513238872,-0.23274632428910505,-0.23555721754117,-0.16477751177654,-0.0301536365592253,58.8
34521.0,1.08123377540659,0.41641393604384896,0.862918740651629,2.52086280678918,-0.00502050005851413,0.5633410228080239,-0.12337225157404101,0.223121852791809,-0.673597550149872,0.644549730341658,1.1205051770708998,1.2377733125667199,0.342362114422749,0.0383719793321978,-1.19450308848281,0.0854063439558358,-0.219143226460215,-0.6942592153944029,-0.655269928208246,-0.16524877677618,-0.15938712397310198,-0.305154013019185,0.0536197364326817,0.0117614442207135,0.37514578207210497,-0.10629875329854302,0.0210082653765087,0.0105592082435436,1.52
20451.0,-15.819178720771804,8.7759971528627,-22.8046864614815,11.864868080360699,-9.09236053189517,-2.38689320657655,-16.5603681078199,0.9483485947860579,-6.31065843275059,-13.0888909176936,9.81570317447819,-14.0560611837648,0.777191846436601,-13.7610179615936,-0.353635939812489,-7.9574472262599505,-11.9629542349435,-4.7805077876172,0.652498045264831,0.992278949261366,-2.35063374523783,1.03636187430048,1.13605073696052,-1.0434137405139001,-0.10892334328197999,0.657436778462222,2.1364244708551396,-1.41194537483904,1.0
13126.0,-2.88004235163471,5.22544230971559,-11.0633302799459,6.6899506577006305,-5.7599239886738,-2.24403079081521,-11.1999752166959,4.01472180864313,-3.4293042635180098,-11.5619497720699,10.446846814514,-15.479052483201599,0.7344416081041479,-13.883778549111199,0.821439545395249,-11.911483017197002,-18.1030037037729,-6.83783453880068,3.12692935212663,1.1914439664079701,2.00288287701632,0.35110206472128397,0.79525514045211,-0.778379381413672,-1.64681511254223,0.487538823287331,1.4277130955033601,0.5831724862191879,1.0
10.0,1.4490437811471495,-1.1763388253596598,0.913859832832795,-1.3756666549994299,-1.97138316545323,-0.62915213889734,-1.4232356010358995,0.0484558879088564,-1.7204083929203702,1.62665905834133,1.1996439495421,-0.671439778462005,-0.513947152539479,-0.0950450453999549,0.230930409124119,0.0319674667862076,0.253414715863197,0.854343814324194,-0.221365413645481,-0.387226474431156,-0.009301896524900521,0.31389441079109803,0.0277401580170247,0.500512287104917,0.25136735874920996,-0.12947795372661802,0.0428498709381461,0.0162532619375515,7.8
46.0,-1.92321320363186,-0.8704823241167271,2.32016962893044,1.98877580146727,0.417090785024797,-0.380013723200936,0.472139269598768,-0.557333241041249,-0.649079050397235,1.41088888300776,-0.517736958000633,-0.985201772757918,-0.400594745446622,-0.830664635864875,0.33800948630862804,0.0299241758036659,0.37115031113381,-1.05431867206706,1.8903639238846104,-0.36922739831731,-0.686487767489979,-0.7792675664371329,1.08605501915054,0.518863427142479,-0.36371201751189397,3.0655756965372802,-0.589022174639728,-0.39610982264958894,35.0
44.0,-0.7147640190509,0.514968588809346,1.82167562698994,0.616433633112349,0.848775614560403,-0.111938136930971,1.5056170818472099,-0.7981672979306871,0.244756558759933,0.264554166932915,-1.10811404262763,-0.359860224587481,-0.16347139451526402,-0.78399685528552,-0.3671528269269579,-0.653118889937787,-0.50429999683849,-0.260560360493109,0.435251051618086,0.10732171625636501,-0.220075387734134,-0.0178447101595565,-0.4319382916244191,-0.130458458758134,0.33715859160919204,-0.44004153507976296,-0.6745261569122839,-0.473217566024028,59.9
25198.0,-15.903635202011301,10.3939171427504,-19.1336024646827,6.18596883540498,-12.5380209157442,-4.02703044708406,-13.897826598198499,10.6622517826007,-2.8449539848203598,-9.66878891236125,7.394419410538629,-11.6356300484755,1.4232769254553101,-8.64045910049478,-0.674719538892936,-7.6955687882961925,-13.6841395944616,-4.77740603940726,1.26834277321029,1.50156541071894,1.57754822493456,-1.28013712313136,-0.6012945268691939,0.0404039214626868,0.99550197117886,-0.273742711729157,1.6881358963980002,0.527830799573719,99.99
32745.0,-2.17913506011513,0.0202179180614602,-2.18273279614299,2.57204626116115,-3.6637331119316,0.0815679330899005,0.26804873069186197,0.660437428502318,-2.37402736257173,-3.58281002008802,1.97582106179607,-3.5005422647987903,0.17068102706722302,-2.73594037401519,1.67025110352247,-4.04629299726117,-5.07947908460579,-2.58685704537203,1.6692605533583302,1.9579602999360501,1.02642111100453,0.29961350164032596,1.65680000734873,0.328432501784239,0.10645682790522099,0.6917745057745689,0.196778974067123,0.241085157494976,717.15
8415.0,-0.25147096006823,4.31352332575143,-6.8914377165014695,6.79679668055103,0.616296505250374,-2.9663265418740297,-2.43665252687714,0.48932789883801403,-3.37163857159343,-6.81081309938215,7.620089058369079,-10.2852825163315,-0.342444334069655,-11.5434979157865,-1.3349879032835,-2.68928420445067,-3.20438340295762,0.0865218956911394,-1.31449509665307,0.632709963789826,0.536892074447128,-0.5461260237292439,-0.605239547613772,-0.263743459593593,1.5399158307786798,0.5235736966808711,0.891024688365269,0.572740666549584,1.0
12393.0,-4.0640047384281495,3.10093489093256,-1.1884980036547599,3.2646327404517503,-1.90356235801726,0.32035058729570004,-0.9549400390870072,-3.2775349198377297,2.82082866173719,1.0151128797859301,3.18718689736493,-7.00432728360605,0.872710605485111,-6.220605353042918,-0.9044446295733578,-3.07509188469837,-5.04473569177435,-1.71808268516882,-0.662462068430895,-0.531897693292296,1.68866543097474,-0.0788446980063478,0.19373092657711,0.479495953884992,-0.50660305739906,-0.409862744197452,-3.03627132936069,-0.630605198840545,179.66
46.0,1.00658858258061,-0.0711053573592864,0.347613710129268,1.32968404626518,-0.193239540558001,0.155418220951582,0.00857355004537538,0.14653770115853199,0.103844303499997,0.0318300248431995,1.07098086659495,0.9406648262488532,-0.729473777220335,0.3801147846467871,-0.729126304640312,-0.493402464675541,0.0435558761530204,-0.405289649578765,-0.092584543842081,-0.091366856699256,-0.0202386866152166,-0.0188806243664369,-0.120966187234267,0.0273817885188254,0.59386362410547,-0.33468792197577696,0.0213680104004056,0.0150804012744551,67.97
27252.0,-25.9424344479142,14.6019980426299,-27.368650288126602,6.3783946076968805,-19.1040334039646,-4.68480620428185,-18.2613929340355,17.052566312146197,-3.7426050098386403,-8.233721369876,4.6648362538527,-6.52566786025865,0.92375858946558,-6.3259746120827325,-0.0702237027595964,-5.8383602190882815,-12.061695712519901,-4.77334851403019,0.8529696084548309,1.66730429040185,1.7843159842349399,-1.9177592133610701,-1.2357874392496202,0.161104731783341,1.82037804128869,-0.2193590586868,1.38878576213598,0.40680964990851204,99.99
11131.0,-1.4266233126088699,4.14198623236944,-9.80410344235714,6.66627300324451,-4.74952679326515,-2.07312900595144,-10.0899311630826,2.79134529885187,-3.2495156171301,-11.4204509744097,10.8530116481991,-15.969207520809,0.546690084634152,-14.690729133641,0.91233739988339,-12.2271892780267,-18.587366205891602,-6.92076186060174,3.1669989068855204,1.4106776526461595,1.86567876848945,0.407809281593599,0.605809354312964,-0.7693481181234408,-1.7463368287861,0.502039516709683,1.9772583297728,0.7116065312094849,1.0
27219.0,-25.2663550194138,14.323253809723301,-26.823672913511402,6.349247807436888,-18.664250613469,-4.6474030486687825,-17.971212019270602,16.6331030618556,-3.76835097141465,-8.303239351259,4.7832573670124106,-6.6992520739678,0.8467678646696429,-6.57627643636006,-0.0623303798952992,-5.96165987257541,-12.218481717679696,-4.79184198325342,0.8948535218387991,1.6582888444590198,1.7807009704659298,-1.8613181472691398,-1.18816729293127,0.156667050663465,1.7681919823691399,-0.219916008250323,1.4118547768543201,0.414656383638367,99.99
53.0,-1.19896767411718,-1.4741004709421102,1.8403259873066002,-4.51582435488105,0.327567428246331,-0.17446928283484806,0.9597257054787859,-1.0264562279545,1.7004345844796598,-0.0789417612044958,1.6626671449359798,0.48561929974872203,-0.93302495795613,-1.11878656487932,0.14125304079379006,-2.81188754821512,-0.5047458098701211,0.8912226631545308,-1.51202243652326,-0.7698542868104391,-0.453169416973525,0.33461404044145504,-0.36454141246689403,-0.3101857820737849,-0.30259949355198,-1.24392415371264,-1.12345654520885,-0.73435108581633,89.17
49.0,-0.549626144798035,0.4189491535255971,1.7298332523559699,0.20306537384571305,-0.18701238761049105,0.253877551885213,0.5008937777715979,0.251255794962937,-0.227984854678695,-0.57616941989126,1.10203189400426,0.8237078074887221,-0.5695098835710021,0.00871007349263582,-1.04141380966471,-0.603403099556728,0.22548372889232896,-0.352132599922745,0.194946380855442,0.0169703706662638,0.115062465548237,0.418528728119492,-0.0651327882454082,0.264980785082018,0.00395822034181825,0.39596888898927296,0.027182102239278,0.0435057557098948,59.99
35.0,-1.06323567874519,1.41819062554828,1.08667286312649,1.24143960031209,0.00230612611071083,0.0459015812190403,0.514120896637259,0.241252403456357,-0.154499951014978,0.28067262205549703,-0.531948028103641,0.589857529006045,0.555086956115103,-0.116357328890885,0.165886171204421,-1.2372100267951698,0.638414233299701,-0.7760705946247421,0.692805890042676,0.235008925706976,-0.0572284702226962,0.31415299803034397,-0.129862928270599,0.11428370785009001,-0.0278124769514765,-0.25993701563079896,0.118753639651127,-0.0089562977983754,20.22
14152.0,-4.71052878230567,8.63621438967976,-15.4962220036783,10.313349373284499,-4.35134098287048,-3.3226887354392303,-10.788372838738804,5.06038112024979,-5.68931118776998,-11.7121866242875,11.152490598583698,-16.5581971409376,0.30264452240636197,-17.4759212828566,-0.4123932673310711,-10.222203169604,-13.7991476446987,-5.008585178589571,1.16202614780693,1.43423977941906,1.9905453513529,0.22378500257273606,0.554408428563337,-1.20404159623154,-0.450684594730258,0.641836059375492,1.6059576247926501,0.721643614506061,1.0
4462.0,-2.3033495675855296,1.7592474602669999,-0.35974474333005196,2.33024305053917,-0.8216283283754221,-0.0757875706194599,0.562319782266954,-0.399146578487216,-0.23825336766174599,-1.52541162656194,2.03291215755072,-6.56012429505962,0.0229373234890961,-1.47010153611197,-0.698826068579047,-2.2821938285625096,-4.78183085597533,-2.61566494476124,-1.33444106667307,-0.4300218671716111,-0.294166317554753,-0.9323910572749908,0.172726295799422,-0.0873295379700724,-0.15611426465117198,-0.542627889040196,0.0395659889264757,-0.153028796529788,239.93
32.0,1.24905471963177,-0.624727077037783,-0.7105889035360791,-0.991600360912692,1.42997319213398,3.69297701929891,-1.0902086412252299,0.967290815452715,0.8501485194540571,-0.307081111779614,-0.456245308321934,0.22998134984458105,-0.0169130995868782,-0.22084608611488504,0.362417698896289,0.315222304210749,-0.512265445432752,0.11899461869584,0.5747201595390239,0.0978526921491637,-0.00629271415563999,0.00920022451060978,-0.129463200605864,1.11297017048455,0.5003821086230991,1.1965491993028101,-0.0482204354357297,0.00509362198376849,29.89
19762.0,-14.1791651073631,7.4213699623925695,-21.405835744128,11.927511869244,-7.97428068736155,-2.20271027666529,-15.471612280173499,-0.35659490958650897,-6.380124898388388,-13.3482776536659,10.187587324166401,-14.563979755213197,0.59375935763569,-14.4915983463022,-0.281392503951236,-8.264128844360501,-12.439804972846598,-4.83707902601307,0.7531498478891892,1.00276434172175,-2.36683606243662,1.13095519799655,0.991153238179024,-1.03313210707298,-0.327179344936207,0.6346929035223039,2.17190494464567,-1.3952876839333899,1.0
12.0,-0.7524170429566049,0.345485415344747,2.05732291276727,-1.4686432984004598,-1.1583936804082,-0.0778498291166733,-0.608581418236123,0.00360348436201849,-0.436166983515744,0.7477308271928019,-0.7939806028372208,-0.770406728847129,1.04762699748088,-1.06660368148653,1.1069534566214099,1.66011355713381,-0.279265373246772,-0.419994141181313,0.432535348618175,0.263450864446125,0.499624954671111,1.3536504855723102,-0.256573280448308,-0.0650837078816517,-0.0391243535426488,-0.0870864732146962,-0.18099750009272106,0.129394059390202,15.99
10.0,0.38497821518095,0.6161094591764721,-0.874299702595052,-0.0940186259679115,2.92458437838817,3.31702716826156,0.47045467180587897,0.53824722837695,-0.5588946124284411,0.30975539423728005,-0.259115563735702,-0.326143233995877,-0.0900467227020648,0.36283236856979295,0.928903660629178,-0.129486811402759,-0.8099789259635891,0.359985390219981,0.70766382644648,0.12599157561542002,0.049923685888970996,0.238421512225103,0.009129868612628659,0.9967102095810859,-0.7673148271748009,-0.49220829534001703,0.042472441919027,-0.0543373883732122,9.99
7.0,-0.8942860822028199,0.286157196276544,-0.113192212729871,-0.271526130088604,2.6695986595986,3.7218180611275096,0.37014512767691604,0.851084443200905,-0.39204758679860396,-0.410430432848439,-0.7051165866465359,-0.11045226173309801,-0.286253632470583,0.0743553603016731,-0.328783050303565,-0.21007726814878305,-0.4997679688002671,0.11876486100421699,0.57032816746536,0.0527356691149697,-0.0734251001059225,-0.26809163223555105,-0.204232669947878,1.0115918018785,0.373204680146282,-0.384157307702294,0.0117473564581996,0.14240432992147,93.2
8808.0,-4.61721720415581,1.6956936534665599,-3.1143722007949104,4.32819855298178,-1.8732569908652696,-0.9899081355382628,-4.57726462658038,0.4722161584519,0.472016953377646,-5.5760226364241525,4.80232276125089,-10.833164469314001,0.10430387569857501,-9.40542306160986,-0.80747786866047,-7.55234220350747,-9.8025617903912,-4.12062883466552,1.7405072903619598,-0.0390459343384186,0.481829697240067,0.14602305644594799,0.11703852754906499,-0.21756459883965998,-0.13877604370656302,-0.4244528810682751,-1.00204142597227,0.890780287970655,1.1
40.0,1.1106920037220802,0.0819419013829698,0.40606303731359294,1.29074038305994,-0.16981314825844102,0.120955382832246,-0.08084520479318301,0.17437308481530994,0.152070726014375,0.0652667231931254,1.0245497698683101,0.7931371795997131,-1.01503970254654,0.42299545162727603,-0.7066295511603141,-0.48845535754441904,0.0585314477120091,-0.38362722592943294,-0.0740676980785363,-0.21984610042640002,-0.0560239846247868,-0.0116030864282728,-0.070482892402791,0.004345191457259721,0.60392864054067,-0.3274244513162069,0.0298896885491626,0.00494429617585088,13.84
25231.0,-16.5986647432584,10.5417508026636,-19.81898180852789,6.017294647361901,-13.025901050123696,-4.12877900260013,-14.118864846936901,11.1611439952369,-4.09955143059712,-9.222825507309778,6.329364676218718,-8.95219071159749,-0.138363691274054,-9.825054421027213,0.0572235922374037,-7.54168742379503,-14.2595985921417,-5.03505152375192,1.4322679297093899,1.53491982113512,1.72585282658181,-1.15160577552799,-0.680051901875725,0.10817591451464599,1.06687834149611,-0.233720431391328,1.7075205521072598,0.5114231691123899,99.99
8614.0,-2.16992897559082,3.6396539992044,-4.508497786177281,2.73066814884895,-2.12269287053048,-2.34101682766366,-4.23525308290613,1.7035376576350802,-1.30527913344307,-6.7167200227127015,6.35361231915591,-8.60164826276464,0.449930038237225,-7.506169374081451,-0.43808178181246704,-3.69451599830956,-6.30475338603049,-1.26758712788115,0.357987030484253,0.5007790539507,0.6451032756213779,-0.503529448911197,-0.0005228218182992269,0.0716957787676742,0.0920074334247208,0.30849793157703603,0.552590914653841,0.298954478709399,1.0
30852.0,-2.83098405592803,0.8856570382587551,1.19993009832405,2.8612922399317204,0.321668777779154,0.289966026429405,1.7677604489638001,-2.45104966190813,0.0697358066743391,3.24508640095346,0.675287853392807,-0.677096334427304,-0.22274112814172892,-0.9137869705835128,1.60333192308268,-1.0245020918608,0.0220452070437295,-0.9406846741425942,0.484758940230455,-1.01692314354721,0.5465893396754989,0.334970736976198,0.17210567622189302,0.623590288019672,-0.5271143163312609,-0.079214654387473,-2.53244529803097,0.311176714703215,104.81
35.0,1.19935593362078,0.129953154513887,0.8635849707762809,1.00263476869323,-0.783761014593659,-0.884679005672016,-0.0407432757589571,-0.208068511671504,0.392477871628745,-0.248177899888804,-0.0953627524727861,1.31413104809224,1.0916814094226999,-0.40934635225503496,-0.577994104632916,-0.5812837424207061,0.212342679791527,-0.8931812529624219,-0.0206528853522847,-0.0726201259267691,-0.0424680857272564,0.19847405189934306,-0.0330099751170921,1.01329013084481,0.559097511348329,0.401817534390101,-0.00586465649000008,0.0179360319171187,0.99
29.0,1.11088034163339,0.168716770722767,0.517143960377807,1.32540691997371,-0.191573353787583,0.0195037226488424,-0.0318491084003128,0.117619919555324,0.017664720727696,0.0448647914479061,1.3450747987323002,1.28633962057665,-0.25226706568546203,0.274457682308765,-0.8103943723789448,-0.587005063447401,0.0874510738489092,-0.5504736281532571,-0.15474935509610002,-0.19011971084360998,-0.0377086544989231,0.0957014620432248,-0.0481976468634584,0.232114939125133,0.6062007489656359,-0.342096828961882,0.0367696053150443,0.0074799607310723,6.54
27187.0,-24.590244769046503,14.044566781510598,-26.27870058661449,6.32008926518927,-18.2245126736673,-4.60996782569686,-17.6810033715155,16.2136267471409,-3.7940934687741397,-8.37275316035861,4.90168265513877,-6.87283866404082,0.7697767627345009,-6.82658448658054,-0.0544341798176028,-6.084952665035829,-12.375270529796,-4.810344741266992,0.9367422379366079,1.6492020222957098,1.77706277243531,-1.80487368611576,-1.14060456917063,0.152234466415679,1.7159970240325702,-0.22047119903665,1.4349505814348302,0.4224918577626661,99.99
33.0,-0.607877142993026,1.03134507783793,1.7404497373153305,1.2321055504231102,0.4185922602229439,0.119168118951909,0.850892666335631,-0.176267418873834,-0.24350134795506398,0.14845548983392498,-0.387003094237291,0.398299276642617,0.48191674848907,-0.3654390925945,0.2355445721411089,-1.3478114603298101,0.504648259572464,-0.798404510811433,0.7597103072896841,0.25432477784653795,-0.0873291909450489,0.25831527987750696,-0.26477502289338,0.11828236713924806,0.17350808114874802,-0.217041286803197,0.0943119126010652,-0.0330412960342469,14.8
18088.0,-12.2240206243564,3.8541503297136597,-12.4667657248211,9.64831072711484,-2.72696132147655,-4.44561038185083,-21.9228110340575,0.320792273696859,-4.43316165783721,-11.2014000859835,9.32879925655782,-13.104933466201198,0.8884807877294301,-10.140200337183,0.713465392614318,-10.0986706554809,-17.5066115481045,-8.06120798966267,1.6068700326387702,-2.14718143950284,-1.1598299509043999,-1.5041188818964402,-19.2543276173719,0.5448667260122501,-4.78160552206407,-0.00777228109993075,3.0523576867942404,-0.775035651186717,1218.89
16.0,0.6948847756073371,-1.36181910308009,1.0292210395603199,0.8341592992167159,-1.1912087944596499,1.30910881872952,-0.878585911450457,0.44529012783849997,-0.4461958315574229,0.5685207350869621,1.0191506127469498,1.2983287005625102,0.420480265280796,-0.372650997239682,-0.807979512809369,-2.04455748288968,0.515663469043577,0.625847298442513,-1.30040816880609,-0.138333940419021,-0.29558293155202897,-0.5719550068125121,-0.0508807005036795,-0.30421450102064396,0.0720010061385359,-0.422234430367677,0.0865533980909977,0.0634986493439305,231.71
54.0,1.20239832807905,0.32171138660705395,0.2812108944880011,0.6436885824639621,-0.14866859620449802,-0.589738666993022,0.0484125495667614,-0.0933612495778056,-0.042934036363587995,-0.34324566231789394,0.23510605051285896,0.569881915499773,0.676330388590739,-0.351249746003609,1.2951300585626295,0.164859782332548,0.24641393531991101,-0.8044625222255131,-0.561740542791253,-0.0707505670634631,-0.251113124454264,-0.6801551650435489,0.148162526526488,0.0470615008737034,0.157049745885238,0.121934641489905,-0.0046078983353112606,0.0294181090910756,7.53
2.0,-0.425965884412454,0.960523044882985,1.1411093423221899,-0.16825207976030201,0.4209868807721901,-0.0297275516639742,0.4762009487200271,0.260314333074874,-0.56867137571251,-0.371407196834471,1.3412619800195702,0.35989383703803896,-0.35809065257363104,-0.13713370021761198,0.517616806555742,0.401725895589603,-0.0581328233640131,0.0686531494425432,-0.0331937877876282,0.0849676720682049,-0.20825351465672798,-0.5598247962532479,-0.0263976679795373,-0.371426583174346,-0.23279381673703398,0.10591477909795698,0.253844224739337,0.0810802569229443,3.67
8878.0,-2.6618021745564,5.8563932148043,-7.653616213240711,6.37974188053221,-0.0607121191362683,-3.1315497315366203,-3.10356974550479,1.7784915694533798,-3.83115371623455,-7.191604246182259,7.102988587885162,-9.928699942995381,-0.0674983775194601,-10.924186865147,-1.69791397714032,-2.3794209852707797,-2.77511389701838,0.273798971252603,-1.3821875635258898,0.399096860264863,0.734774950378595,-0.43590118187623,-0.384765904180568,-0.28601566384344296,1.0079338236581201,0.413195532462339,0.28028415690056,0.303936550639395,1.0
42.0,-0.522666281326226,1.00992300182961,0.2764695946123111,1.4752894585993401,-0.707012562987729,0.355242551803606,1.5598487874189901,-0.399578612449174,-0.479812993616112,0.5163522748386189,0.0343304585928822,0.589225512111296,1.4269098018208999,0.0205102490819948,1.65133636674485,-0.961342569180643,0.24636005877088,-0.4075372969698201,0.9173990116366892,-0.0130160210270286,0.17240147720539994,1.01154336015453,0.0696662727096649,0.15781974077870994,-1.10922431803229,-0.30236933509865804,0.31817033733059696,0.316909559697327,243.66
28726.0,-29.876365513976307,16.4345245512223,-30.5586968214292,6.505861787362959,-21.6656542956569,-4.94035632949796,-20.0813910746494,19.5877726234404,-3.59149104711596,-7.80059820772759,3.9478397172902597,-5.4879114860488,1.36994034924206,-4.82955244300835,-0.134412095441135,-5.12116240451142,-11.118190450917199,-4.65995586983801,0.608930080519071,1.72477883837961,1.81295397464878,-2.23225158753151,-1.41280344282556,0.178731069561437,2.15604185816706,-0.20938462411376998,1.2556489008596599,0.36453045297550896,99.99
26.0,-0.53538776309446,0.865267807575272,1.35107628772237,0.14757547449791,0.433680212077009,0.0869829381161816,0.693039311115721,0.17974226074255606,-0.285641861230583,-0.482474471178567,0.871799580440785,0.8534474349914871,-0.571821891415037,0.10225210304814199,-1.51999120265821,-0.28591249708149896,-0.309633386824141,-0.403901992939884,-0.8237429944894642,-0.283263782156003,0.04952568668759901,0.20653654302447602,-0.18710806982074998,0.000753014257497798,0.0981166059546266,-0.5534709688227529,-0.0783055021726955,0.0254273775211197,1.77
8090.0,-1.78322883722709,3.40279371307631,-3.8227422655220495,2.62536815276644,-1.9764154113628405,-2.7316890123130797,-3.43055914949085,1.4132035139931798,-0.7769414945549159,-6.199881762741881,4.36671348631445,-8.24326243368313,0.3457611652325789,-6.590550297051919,0.265576095932165,-3.02845238846152,-4.214486274856069,-1.21360784773725,-0.265421595374812,0.36408911501440794,0.454031931736316,-0.577525824201459,0.0459665375362652,0.461700017592254,0.044146161217817004,0.305704433918549,0.530980986346765,0.24374559812211105,1.0
44.0,0.92706024886951,-0.323683971710722,0.387584831023695,0.5444739886302981,0.246787394713325,1.6503578045071599,-0.42757601748143603,0.615370698363494,0.22627827499351005,-0.225495240788102,1.9445448726120904,1.38515995366242,-0.47926167075312803,0.314166275947243,0.214167230654249,-1.33371647303753,1.0028690205298,-2.1193135015833,-1.05304305618293,-0.18539037453328894,-0.0405130479745848,0.0793594012040047,0.0966317456875458,-0.9925686689434928,0.0850958289136786,0.37744720534188897,0.0360964213118972,-0.00596028607818299,45.71
26931.0,-22.5616992591298,13.208904284417601,-24.643818777122608,6.232531823306791,-16.905611362323,-4.49743871970001,-16.8101841919321,14.9551067734604,-3.8712968230860096,-8.58126551626339,5.25698760960799,-7.3936149921500895,0.538800829120431,-7.57755201800709,-0.030725531904052007,-6.4547832365534195,-12.845656524292801,-4.86591773720169,1.06244185030067,1.6214442247212602,1.76598663639159,-1.6355166467436,-0.998316503452087,0.13897222736172501,1.55935014018173,-0.22212451669,1.5044246600224,0.445919826109776,99.99
41.0,1.1387593359078,-1.19295282747355,1.4071308355477101,-0.330070103385594,-2.06950346000893,-0.242175406330976,-1.30663511427275,0.10451040261704901,0.1346282320753,0.493931277386145,-0.8951875984556,-0.18269545245382893,0.14608082711779502,-0.586610838748991,0.7971890220793051,-0.891720829484445,-0.0792078211726979,1.54158849386504,-0.983586179206678,-0.29930743438507595,-0.156198371672557,-0.0305687768825267,-0.0197233842526695,0.43375260108465097,-0.0295214595585981,1.14124130155645,-0.00861206031729643,0.0415638961546465,96.94
8757.0,-1.86375555343732,3.44264397684973,-4.468259731455111,2.8053362594025097,-2.1184124774924,-2.3322848873146698,-4.2612371974404,1.70168184397858,-1.43939587542941,-6.999906633865218,6.31620967716699,-8.67081800476226,0.316023991908777,-7.417712064750531,-0.43653747136614596,-3.65280196004741,-6.293145319073759,-1.24324829133852,0.364810482193887,0.36092400372093,0.66792657242141,-0.5162423621288039,-0.012217811746838999,0.070613703103445,0.0585044669560628,0.304882839588584,0.418012467185258,0.208858278145839,1.0
27163.0,-23.9141008948243,13.7659421584186,-25.7337337663194,6.2909179135006,-17.784823661895302,-4.57249762015164,-17.3907644695894,15.7941361803271,-3.81983218698836,-8.44226241787632,5.02011249777419,-7.0464278465108015,0.6927852493747729,-7.07689932873899,-0.0465348409616521,-6.20823797273981,-12.5320624040465,-4.82885763250639,0.9786361933586079,1.64003733516462,1.7733992824829399,-1.74842552125898,-1.09310448820022,0.147807442391992,1.6637923572410802,-0.22102447115694396,1.45807561131952,0.43031504868091,99.99
15.0,1.4929359769861998,-1.02934573189487,0.45479473374366003,-1.4380258799170198,-1.5554341013634398,-0.7209611470435571,-1.08066413038614,-0.0531271179483221,-1.9786815953872,1.6380760369044598,1.07754241162743,-0.63204651464934,-0.4169571666160201,0.0520105153724404,-0.0429789228232019,-0.16643249645197195,0.304241418614353,0.554432499062278,0.0542295152184719,-0.3879101726462581,-0.17764984643881399,-0.175073809074822,0.0400022190621329,0.295813862676508,0.33293059939425,-0.220384850672322,0.0222984359135846,0.007602255599978971,5.0
14.0,-5.40125766315825,-5.45014783420644,1.18630463143652,1.73623880012095,3.0491058776402498,-1.76340557365201,-1.55973769907953,0.16084174726676906,1.2330897404188799,0.34517282705062896,0.9172298676991459,0.970116716069048,-0.266567764915222,-0.47912992927670395,-0.5266085025691529,0.47200411177673995,-0.7254809449822008,0.075081351540202,-0.406866573198217,-2.19684802485647,-0.5036003289737029,0.984459785590244,2.4585885763921898,0.0421188969891572,-0.48163082395671597,-0.621272013713977,0.392053289557744,0.949594245504846,46.8
50.0,-0.5715207499617471,1.07160044939815,1.2801102496114198,0.542780003052458,0.574438986516567,-0.259359265830457,1.0611484151741999,-0.4109719679258139,-0.17913018113825002,1.00350065764887,1.06238226849436,0.159422388058099,-0.2898603137468,0.00580474635482856,0.46044095320684997,-0.22103526461389,-0.775852454545776,0.6570233150082061,0.80758291868891,0.354730634765855,0.0035585200804449796,0.561240486431022,-0.19928671969204292,0.0013873893822527804,-0.179529951929609,-0.374115725753305,0.0716414539902948,-0.17551046869800302,9.79
22.0,-1.9465251312153402,-0.0449005054418194,-0.40557006837895604,-1.01305733702394,2.94196769950545,2.9550533967456203,-0.0630631473635638,0.855546309018146,0.0499669002270836,0.5737425080376949,-0.0812565147381817,-0.21574500328280802,0.0441606277765361,0.0338977566837455,1.19071767502074,0.578843475256385,-0.975667025451307,0.0440628177757039,0.488602868957758,-0.2167152544489261,-0.579525934402369,-0.799228952914653,0.8703002153047041,0.983421492506598,0.321201132609584,0.14964987693075502,0.7075188364108421,0.014599751533029,0.89
25.0,1.1140085954115702,0.0855460896870318,0.493702487395368,1.3357599851447501,-0.300188550950467,-0.0107537834263628,-0.11876001509605,0.18861669594313896,0.20568684906514,0.0822622587556722,1.13355567149479,0.6266990024892211,-1.49278039238295,0.520787893899183,-0.6745925968718121,-0.5291082418559071,0.158256197923207,-0.39875147934971295,-0.14570890904449998,-0.273832367278761,-0.0532336603921118,-0.0047601512119153,-0.0314701703936453,0.19805371814319292,0.565007312878958,-0.337718126200803,0.0290574021222937,0.0044526314318799705,4.45
41.0,0.986063325558912,-0.20296458676676501,-0.492768147356141,0.40769127471440797,0.305660256237429,-0.23052917894842398,0.5850280861519029,-0.20822459101766602,-0.24750344797877397,-0.19225312796373398,-0.628317496088626,0.4303079326998761,0.8112480198844642,0.37156635904874497,1.02607884858679,-0.0285013452690086,-0.3075461030699,-1.09965491470003,0.0107385063797803,0.263505047503593,-0.305873932586351,-1.21655526869515,-0.0776015256345218,-0.741340787959936,0.286881124869204,0.200346695511119,-0.0752033513991597,0.0272712185948336,169.05
29.0,0.996369531566045,-0.12258878723805999,0.546819472613086,0.7065795410876891,0.134559557409452,1.15699511200606,-0.29456133143296803,0.40742909941985295,0.337862663634561,-0.4081504925526471,0.6826461239495489,1.25371968484033,0.391917044082342,-0.0375108583595551,0.795301519477008,-1.6682105913656002,1.32299488209244,-2.8300352286731805,-1.4634316883348502,-0.203461209817417,-0.0763018365480559,0.108866913420892,0.162230940339532,-0.575624047818567,0.10979491458920801,0.37381336727897896,0.0505521972760614,0.00510555920011407,20.53
9.0,-0.33826175242574996,1.11959337641566,1.04436655157316,-0.222187276738296,0.49936080649727,-0.24676110061991,0.651583206489972,0.0695385865186387,-0.736727316364109,-0.366845639206541,1.01761446783262,0.836389570307029,1.0068435137340799,-0.44352281687614203,0.15021910142263506,0.7394527770521191,-0.540979921943059,0.47667726004281996,0.45177296439412495,0.20371145472792893,-0.24691393691000801,-0.633752642406113,-0.12079408408185001,-0.385049925313426,-0.0697330460416923,0.0941988339514961,0.24621930461992605,0.0830756493473326,3.68
17230.0,-0.469326705102944,1.11145278248281,2.04100272504592,1.73159516277684,0.135146841769907,-0.0936251754891053,0.26615516997092803,0.0829882363836626,0.58025540346041,-0.164562674892883,0.500376369958899,-3.0217601822032005,0.9242132603109252,1.5007937751700202,-0.400282644242405,0.7060477126025749,0.11511426465057199,-0.0467958788933584,-2.54852159198286,-0.35870866563095705,0.15938738939456398,0.592669568808717,-0.0535961838321624,0.320747502076217,-0.3691207542921301,-0.13660468492915098,-0.100845186803931,0.039347147682120005,3.93
25095.0,1.19239598990768,1.33897371069007,-0.678876186687009,3.1236723071222,0.643244863589275,-1.1843229943121498,0.39758552600689895,-0.253498538261658,0.4111349768412701,-0.859862301810301,1.1240593824529999,-3.7638738483239798,0.367975966769142,-0.9717575383681141,-0.0138825132357776,1.45757852763076,2.61145033447876,1.2919552295121999,-1.56381522671193,-0.185454650142832,-0.377503243008699,-0.889596747960403,-0.0742075893964193,0.0354455164139561,0.550577974200231,-0.0271712789934873,-0.0249206212266212,0.0736053986634045,3.12
7551.0,0.316459000444982,3.80907594667829,-5.61515901119457,6.0474451021647795,1.55402595692572,-2.6513531120137004,-0.7465792731002221,0.0555863112529252,-2.6786785422398998,-4.9594929116149595,6.43905335158373,-7.52011739288703,0.38635166741077,-9.25230724747513,-1.36518841502051,-0.502362190618164,0.7844265981542741,1.49430460743838,-1.8080121586735705,0.388307428238927,0.20882836900167398,-0.5117466192007221,-0.5838132208137231,-0.219845029091423,1.4747525844068798,0.4911919256560061,0.5188682845772871,0.40252806767232,1.0
12597.0,-2.58961719821269,7.01671438495857,-13.705407286909699,10.343228060411699,-2.9544610347557403,-3.05511578527804,-9.3012886151434,3.3495733607161404,-5.65421202641103,-11.853866972600999,11.6692047358121,-17.2286622386187,0.0555715664836118,-18.4937733551053,-0.3041721135190449,-10.6294973901353,-14.4412111342765,-5.10548646597228,1.2702262705049,1.4888551923689601,1.88773772551451,0.33399818453322305,0.28765904061745,-1.18640640906644,-0.6902726700763879,0.631703772210546,1.93422076005943,0.789687172212655,1.0
32686.0,0.28795277152752896,1.7287346452116201,-1.65217304572257,3.81354418795523,-1.0909271539131802,-0.9847446656245892,-2.20231792699069,0.555087932252191,-2.03389204830362,-2.734155555072109,2.36843367282003,-3.65680265130054,-0.16953468330473098,-4.74441333023745,0.7651928292943041,-2.47951355643698,-4.9311119682985805,-2.5474025273605094,-0.90268980289448,0.265250210286539,0.262201510185118,-0.633527564205563,0.0928910102678184,0.18761265555619602,0.36870835440963895,-0.132474029018571,0.57656075692479,0.309842705461879,0.0
23.0,1.17328461017079,0.353497876646456,0.28390506526532,1.1335633178795,-0.17257718184249302,-0.916053706932115,0.36902484539083,-0.32726024219676697,-0.24665102789455998,-0.0461393022689538,-0.143418527309124,0.979350375717585,1.49228543545219,0.10141752593588099,0.76147754528118,-0.014584082470356,-0.511640116553888,-0.32505635460906,-0.390933797720026,0.0278779087328671,0.0670033044874043,0.227811927638182,-0.150487224821759,0.43504510338368996,0.7248245795772409,-0.337082059875827,0.0163683792669046,0.0300411908366385,41.88
26863.0,-21.2091195927913,12.6521968313004,-23.5539329441267,6.174077910043559,-16.026658125511002,-4.42219459449987,-16.2294437253382,14.1160019049786,-3.92274144947115,-8.72024451506225,5.49388683652872,-7.7408158639400995,0.384814230466723,-8.078240669038,-0.0148996037313368,-6.7012888702885,-13.1592668578419,-4.90303149501704,1.1462752482696001,1.60243883702914,1.7584400753418898,-1.52258816196329,-0.9038601979936992,0.13016645245015598,1.45485651906738,-0.223214403323927,1.55092845004664,0.46145956676351396,99.99
7519.0,1.2342350461346798,3.0197404207033998,-4.304596884796649,4.73279513041887,3.62420083055386,-1.35774566315358,1.7134449878723501,-0.496358487073991,-1.28285782036322,-2.44746925511151,2.10134386504854,-4.6096283906446,1.4643776247618798,-6.0793371930800495,-0.3392373727325769,2.58185095378146,6.7393843847833494,3.0424931783041096,-2.72185312222835,0.00906083639534526,-0.37906830709218003,-0.704181032215427,-0.656804756348389,-1.63265295692929,1.4889014483823702,0.5667972734689339,-0.0100162234965625,0.14679273491698802,1.0
406.0,-2.3122265423262998,1.9519920106415802,-1.6098507322976898,3.9979055875468,-0.522187864667764,-1.4265453192059498,-2.5373873062457903,1.39165724829804,-2.77008927719433,-2.7722721446591496,3.20203320709635,-2.89990738849473,-0.595221881324605,-4.28925378244217,0.3897241202744871,-1.14074717980657,-2.83005567450437,-0.0168224681808257,0.4169557050379071,0.126910559061474,0.517232370861764,-0.0350493686052974,-0.46521107618238794,0.320198198514526,0.0445191674731724,0.177839798284401,0.26114500256767703,-0.143275874698919,0.0
51.0,1.25987313565004,0.25423957645842,0.51478862825195,0.620924297433486,-0.47593009877126896,-0.9922858392020212,0.0664165097996613,-0.20927505807465505,0.0355715653783499,-0.0676158213568395,-0.204107263687151,0.40259669069787396,0.37664769435144896,0.227135013294715,1.02499612132291,0.29953171476471,-0.426046050892739,-0.550315065603572,-0.11989896864788302,-0.0889700937046651,-0.256530535925767,-0.739211692487821,0.135732380872138,0.3819898662083701,0.21930189175015397,0.0942906925877441,-0.0286866677208069,0.019197591087878003,1.98
17838.0,-5.187878108366347,6.96770866359565,-13.510931139094998,8.61789514115238,-11.214422393945801,0.6722478387604,-9.46253281088355,5.32870420774381,-4.89700552817542,-11.786811655604101,9.36907905765884,-15.0941631493865,1.2563770070075901,-11.8521613037824,0.274429814172421,-10.6882417917386,-18.3888105354245,-6.89884013301839,2.38280793552097,-0.623737291574186,2.0860830010740603,0.760190240866359,0.7168057858582171,-0.646743429628277,-1.6170429257162402,0.172346889503238,0.626646780979254,-0.169726031129409,766.36
29531.0,-1.0606762841975699,2.60857946990866,-2.9716790025807103,4.3600893523484805,3.7388530434642595,-2.72839507263672,1.987616354662909,-0.35734470741616897,-2.75753451251209,-2.33593332652232,2.1115168670610402,-2.59194964968951,-1.9505893546741,-7.31157981735935,0.0777527657738322,2.2906078319899397,6.509271650184339,2.5699714262864597,-3.28615008214787,-0.0890615369649179,-0.0631678773494982,-0.207385284031508,-0.183260817119722,-0.10367937340309599,0.8961783533643181,0.40738687202839097,-0.130918311231478,0.1921773821374949,0.68
35.0,1.38639697419213,-0.7942094653826121,0.7782241905912541,-0.8647084338976421,-1.06413227965342,0.35129617358274395,-1.19145458338703,0.052685634312249,-0.304404039275229,0.5765168089240661,-1.63111176189277,0.0425595121222894,2.04789831589105,-0.739338428608896,1.45622204419365,-0.272049582980028,-0.9320073984458008,1.9265322003524399,-0.659939172907678,-0.273032886609131,-0.228726645592863,-0.12352242012396401,-0.131025121563502,-0.9296681789120279,0.181379006488932,1.19492806430879,0.0005313318862034009,0.0199106229397932,30.9
0.0,1.1918571113148602,0.26615071205963,0.16648011335321,0.448154078460911,0.0600176492822243,-0.0823608088155687,-0.0788029833323113,0.0851016549148104,-0.255425128109186,-0.16697441400461402,1.6127266610547901,1.06523531137287,0.48909501589608,-0.143772296441519,0.635558093258208,0.463917041022171,-0.114804663102346,-0.18336127012399397,-0.14578304132525902,-0.0690831352230203,-0.225775248033138,-0.6386719527718511,0.10128802125323402,-0.33984647552912706,0.167170404418143,0.125894532368176,-0.00898309914322813,0.0147241691924927,2.69
27784.0,0.288028928428076,0.965681439446855,-1.4594951997708503,1.92186300234526,-1.91241402974899,-1.13028190025527,-2.81426265960526,0.648663224885543,-0.695262639845074,-3.46568908576121,2.35161910622909,-3.82670531942496,-0.7675698491153691,-4.8528669146236,1.6648630042035202,-2.61736133003734,-4.8355583064777194,-1.92175160139324,-0.38588417518175294,0.3309168941881961,0.6031271280211421,0.380690182113136,-0.0641251755885565,0.271380100640141,0.33721953478356,0.6261558694236771,0.565124825956713,0.30592525539083504,23.36
26.0,-0.529912284186556,0.8738915814603259,1.3472473293011298,0.14545667658225694,0.414208858362661,0.10022309405219,0.7112060829596492,0.1760659570625,-0.286716934699997,-0.4846876831968521,0.872489590125871,0.8516358599043392,-0.571745302934562,0.10097427304575099,-1.5197718325851202,-0.2843759782617881,-0.310523584869201,-0.4042478688009051,-0.8233735239141551,-0.29034761086543603,0.0469490671140629,0.20810485507629892,-0.185548346773547,0.0010306598329328802,0.0988157011025622,-0.5529036030405179,-0.0732880835681738,0.0233070451077205,6.14
21662.0,-18.0185611876771,10.5586001882538,-24.667741248573197,11.7861803616399,-10.564656569212,-2.6456811993624503,-18.02346767268,2.6936554030804802,-6.21946362785238,-12.7447607871859,9.318137685359991,-13.3778574339457,1.02192386777466,-12.784345887354801,-0.45114584325193896,-7.551364931405589,-11.3259968724596,-4.70125277749548,0.516317073274611,1.00770320533757,-2.3194794620803396,0.9088387831508008,1.35290370698024,-1.0592223376279102,0.18575094150422197,0.687037383632165,2.07808058379956,-1.42951702264525,1.0
18675.0,-12.3396031574122,4.48826730168204,-16.5870729373632,10.107273873410099,-10.4201989827431,0.130669811857349,-15.600323304481599,-1.15769598093331,-5.3046309683427,-12.9389293107706,8.80568196718575,-13.556130130146801,1.16546376028499,-9.809881502070553,0.369987279150665,-9.50521044515487,-17.5420303090874,-6.79263778723153,2.06937744931751,-0.0855014634055812,-2.0896096332232,1.7453145001440502,1.37681580939778,-0.554271418366818,-1.6107408519617399,0.153725444536768,1.2124772080589,-1.86929047595671,188.78
23.0,-0.41428881009082896,0.905437322625407,1.7274529441792101,1.4734712665718899,0.007442741173229879,-0.20033067741619887,0.740228319420026,-0.029247400012072006,-0.593392019124765,-0.3461882312731989,-0.0121421884961019,0.786796316060126,0.635953883297271,-0.0863244719500975,0.0768036871984215,-1.4059193336148,0.7755917383951619,-0.94288892749919,0.543969461627011,0.0973075910928853,0.0772374339988386,0.45733059865611897,-0.038499724582026,0.6425219027749921,-0.183891335259639,-0.27746401949564903,0.18268748649045397,0.152664644968975,33.0
39.0,-0.5540645649319879,0.215728297966379,0.84426462904462,-0.753067316254495,0.0348484695858477,-0.558597247605412,1.09040095790026,-0.20387323150939105,0.262393622286028,-1.35471021992455,-0.0948798795631494,0.9537459916905592,0.8369640390897142,0.14475220028962,1.1566095316483798,-1.933020942756,0.7413489575322572,-0.513609928080678,1.5673453867025,0.38328293295421795,0.212133973378933,0.702337604074802,-0.0057006020965723,0.147346442427205,0.245651952176691,-0.44045620988116496,0.147130419245981,0.13946773165502,120.96
23.0,1.05938711501788,-0.175319186719244,1.26612964251002,1.18610995469348,-0.786001752758539,0.578435276462307,-0.767084276374229,0.401046149117525,0.6994996759037271,-0.0647375556773487,1.04829248789913,1.00561836488785,-0.542001579163132,-0.0399145024672579,-0.21868324767860398,0.00447568219903875,-0.19355403865039397,0.0423879619548074,-0.277833720535009,-0.178023367448801,0.0136762939208399,0.21373361012323397,0.0144618494665875,0.00295085991542244,0.294638014829328,-0.395069505138473,0.081461117248889,0.0242203485620962,12.99
7526.0,0.008430364895582541,4.13783683497998,-6.24069657194744,6.675732163134401,0.7683070245714492,-3.35305954788994,-1.6317346727180901,0.15461244822474,-2.7958924644628103,-6.1878906297064695,5.66439470857116,-9.854484822870369,-0.306166658250084,-10.6911962118171,-0.6384981926733221,-2.04197379107768,-1.12905587703585,0.116452521226364,-1.93466573889727,0.488378221134715,0.36451420978479,-0.6080571338387031,-0.5395279418200929,0.128939982991813,1.48848121006868,0.50796267782385,0.7358216361196619,0.513573740679437,1.0
8886.0,-2.53585211738111,5.79364414692454,-7.61846283574893,6.395829746494192,-0.0652101046678037,-3.1363719640910297,-3.10455736262141,1.82323263760971,-3.8786575802339103,-7.29780335001461,7.07166913682445,-10.001046368327,-0.20793454088430396,-10.8606980453666,-1.6908250411824899,-2.36085672411086,-2.76009701528795,0.29810341564322995,-1.38555780172735,0.40870418448752394,0.716719907055995,-0.44805993845854103,-0.402406878680357,-0.28883522256469896,1.01175223958707,0.425964621387216,0.4131395558231461,0.308204656968305,1.0
26899.0,-21.885433905174107,12.9305051249875,-24.098871851647,6.2033141923472215,-16.466099122787398,-4.4598421255028615,-16.519835984614,14.535564715191601,-3.89702188761405,-8.6507583293562,5.3754339072439015,-7.5672135406993695,0.461807829323489,-7.82789139878016,-0.0228148529460228,-6.5780415025567605,-13.0024594617382,-4.88446723880536,1.10435473489394,1.6119982189969,1.76223176917351,-1.57905510076487,-0.9510427448205541,0.13456529188962,1.5071103976821203,-0.22267085685559398,1.52765527810284,0.4536986389932229,99.99
2.0,-1.1582330934952298,0.8777367548484508,1.548717846511,0.40303393395512105,-0.40719337731165295,0.0959214624684256,0.5929407453855451,-0.27053267719228197,0.8177393082352941,0.7530744319763539,-0.8228428779463629,0.53819555014995,1.3458515932154,-1.11966983471731,0.175121130008994,-0.451449182813529,-0.237033239362776,-0.0381947870352842,0.803486924960175,0.4085423603927581,-0.009430697132329193,0.7982784945897099,-0.13745807961906306,0.14126698382476902,-0.20600958761975602,0.502292224181569,0.219422229513348,0.21515314749920605,69.99
41.0,1.15431211678574,0.265462317325236,0.384870524075104,0.575007040189308,-0.217475464731052,-0.391519648227507,-0.081488956561272,0.062789489939691,-0.26058332390039,-0.161677216936728,2.0529277770001597,1.13082593391895,0.18948450611551101,-0.0707926116953762,0.619345198096689,0.318582896539062,0.09023211202544301,-0.331450411508532,-0.3447212134318061,-0.0995797456243433,-0.193213341350887,-0.5576850633015911,0.16949206868172,0.18686270411481692,0.0892519829822865,0.0936262298809123,-0.00963264036329018,0.0196676927362536,2.67
44.0,-0.8999924493832271,0.136254782203579,1.88366470990807,-0.20899609560199398,1.05144062021155,1.9052413363243503,0.24142325013850305,0.647630723466254,-0.0534662496159594,-0.504170551077414,1.25459880723608,-0.236629189514631,-2.51758729019083,0.38457350712418603,0.343832096830213,-1.37056313688268,0.9585679816360552,-1.60724169293268,-0.647256440015303,-0.12172583142504699,-0.0815002177255612,-0.0169258892202723,-0.14770627283701598,-1.38462020304382,-0.0243520909920119,0.4126594960749579,-0.10677626762684699,-0.190475773260189,21.55
7543.0,0.32959433331822197,3.71288929524103,-5.77593510831666,6.07826550560828,1.66735901311948,-2.4201684135156203,-0.8128912494913331,0.133080117970748,-2.2143113120496096,-5.13445447110633,4.560720105502232,-8.87374836164535,-0.7974835996284741,-9.177166370091461,-0.25702477514424,-0.871688490451564,1.31301362907797,0.773913872552923,-2.37059945059811,0.269772775978284,0.156617169389793,-0.652450440932299,-0.551572219392364,-0.716521635357197,1.4157166150892202,0.5552647397875821,0.530507388890912,0.4044740545287121,1.0
36.0,-1.16942245796433,1.15831387032695,1.40679953629777,0.8601888973489559,-0.103809888790759,0.122034779552914,0.264451377145263,-0.10876658864594804,-0.181976611127934,0.659592648943552,0.45631688991831,-0.097762710197907,-0.34615868630130703,0.21018239136866101,2.34522933348286,-1.1726476833364,0.8600188735736559,-1.15422426573603,0.8587680263663021,-0.120560177945327,0.0244979038810766,-0.120153158421006,0.212986045163239,0.0875357633653697,-0.946529684037448,0.226700388710984,-0.810100768391406,0.234956581343876,7.99
26.0,-0.53538776309446,0.865267807575272,1.35107628772237,0.14757547449791,0.433680212077009,0.0869829381161816,0.693039311115721,0.17974226074255606,-0.285641861230583,-0.482474471178567,0.871799580440785,0.8534474349914871,-0.571821891415037,0.10225210304814199,-1.51999120265821,-0.28591249708149896,-0.309633386824141,-0.403901992939884,-0.8237429944894642,-0.283263782156003,0.04952568668759901,0.20653654302447602,-0.18710806982074998,0.000753014257497798,0.0981166059546266,-0.5534709688227529,-0.0783055021726955,0.0254273775211197,1.77
10.0,1.249998742053,-1.22163680921816,0.383930151282291,-1.2348986876689199,-1.48541947377961,-0.7532301645661491,-0.689404975426345,-0.227487227519552,-2.09401057344842,1.32372927445937,0.227666231237246,-0.24268199894418602,1.20541680770748,-0.317630527025074,0.7256749901791529,-0.8156121860273051,0.8739364476144391,-0.8477885988470991,-0.6831926262670369,-0.102755941505071,-0.231809239223849,-0.483285330117712,0.0846676908596583,0.392830885335013,0.161134553588505,-0.3549900396739621,0.0264155490776107,0.0424220887282304,121.5
18690.0,-15.3988450085358,7.472323896501122,-19.0269123426632,11.165525840514,-6.89385628014845,-2.12093657486019,-14.9133299850456,-0.7212140943201841,-7.175096615335798,-14.166794659606,10.2777688628065,-14.9854337328686,0.345179234077653,-14.666388972654099,-0.34635254196534604,-8.333242495554629,-12.6025964553952,-4.87668342078337,0.604625910708604,1.1115022146101399,-2.44488368228,0.727495341024629,-0.345078151264077,-0.981748551471828,0.995271346300177,0.816761717958274,2.2629423738439103,-1.17806316323334,1.0
32.0,-2.00887179458613,2.1985265031689902,0.144241739942708,1.15943226211997,-0.8151742878454159,0.182288271256805,-0.617108301549016,1.53081672758398,-0.5868322862548749,0.129875750830725,0.6584794483250339,1.26504921848771,-0.2065181664078,1.01360321158387,-0.549413509634851,-0.708034201312287,0.869643169489364,-0.0956595595028157,0.944395409086946,0.0287401249115119,0.0949173066809993,0.294982704383812,0.0110813838630497,0.0152493720986061,0.0342106363420669,-0.2361411015715469,0.128290672598229,0.11798598991929801,2.35
55.0,-4.5750926081623895,-4.4291837747487595,3.4025850037982797,0.903914679904333,3.0022237736807798,-0.491077708080676,-2.7053931630411396,0.666451302156469,1.9222161720232904,-0.614312027380396,0.38492657698759497,1.1944034523469,-1.0207184542809902,-1.24682940571382,-2.3486734371533196,-0.21343753348660202,-0.100221744823898,-0.406073073481075,-1.6375725187629098,-0.9609629339537179,-0.0473650289231517,0.853359934678944,-0.971600429208365,-0.114861639404699,0.408300391838859,-0.304576465887789,0.547784788743973,-0.4562968290361981,200.01
34.0,-0.29154024459654304,0.4455753137257421,1.2497521162384,-1.7357358899141595,0.0857555587180682,-0.121924299130972,0.40771585706034996,0.095309377625631,0.8159022868360309,-1.49118801152726,-0.8461913803997441,0.0565325500897555,-0.058953530005169015,0.15192260175651098,1.9825948818916002,-0.4432950543636261,-0.31825141200590196,0.0647871665050688,0.613505272287834,-0.0335223445539186,-0.0649061469721262,-0.120448981687137,-0.156525633679736,-0.8002128508520969,-0.0006203916899638621,-0.835203307198696,0.131001420802654,0.0628962699466281,18.95
34256.0,0.5392759138910471,1.5548897630737,-2.06618033324968,3.24161746276725,0.18473571123424304,0.0283295594064726,-1.5155213798506102,0.537035374444064,-1.9998460356098602,-2.13317644293659,2.7561719453539504,-2.24286436771513,0.615204246860345,-4.652803806681121,0.222163815521883,-0.775666019840941,-3.21861825150599,-0.370992501046414,-0.6861967235697621,0.302734578907132,0.37177345912068704,0.11195459215686901,-0.305225078771695,-1.0538352624340201,0.7711749069674599,0.24087821373203602,0.418434531995645,0.232169715166482,19.02
24.0,1.23742903021294,0.0610425841868962,0.38052587979422203,0.761564111432371,-0.3597707103697871,-0.494084149915291,0.00649421810779282,-0.13386237968989098,0.438809736716666,-0.20735804551701106,-0.92918211475144,0.5271060605933,0.34867590111413205,-0.15253513860854198,-0.21838562964701802,-0.191551818259596,-0.11658060271605301,-0.633790816521738,0.348415801097774,-0.0663513345433597,-0.245682498259096,-0.530900256150069,-0.0442653968237672,0.0791680288586917,0.50913568954621,0.288857833917937,-0.0227049816562784,0.0118362314304161,17.28
12095.0,-4.72771265581559,3.04446910225824,-5.59835426695611,5.928190802419291,-2.19076972938784,-1.52932296564747,-4.48742195988547,0.916391814103266,-1.3070104231933,-4.13889121357616,5.14940878300581,-11.1240186070579,0.543067765541171,-7.84094220494304,0.743633944785042,-6.777069239741911,-9.93176515376766,-4.09302112201074,1.50492485905709,-0.207759445103882,0.650988236282379,0.25498328895468103,0.628843468802127,-0.23812845429317,-0.671332331960485,-0.0335900627800998,-1.3317773222305802,0.705697590023144,30.39
56.0,0.0869961905163749,-0.0519887420255876,-0.49788244156008105,-3.1519078565140997,2.5584003623555,2.7966709697825496,0.470283270790146,0.265332802943643,0.9195134601985758,-0.735585687981152,0.208724948743441,0.0171306492463427,-0.110866963820059,-0.0426768695073913,1.65414036352275,-0.39264802260719395,-0.875960217366143,0.18394618918700692,1.25938002787067,0.167231088284993,-0.2394255799034529,-0.437342143719405,0.0184257681232037,1.01303776342658,-0.25892655862590497,-0.29318925257302303,-0.394955581242805,-0.4359955931507921,10.84
18399.0,-14.4744374924863,6.503184516519459,-17.712632368862103,11.2703523334822,-4.1501420640980795,-3.3720982088695,-16.5358068114174,-1.4439469925952,-6.81527289964437,-13.6705451263516,10.5452629545898,-15.0226996343749,0.171633085144947,-15.0663743633461,-0.259575939555838,-8.6687392723375,-12.8041408991277,-5.116620495337879,0.5792003580163679,1.10124987016838,-2.4759622294568797,0.3423907060342849,-3.5645080381609704,-0.81814019000188,0.15340768269597801,0.7550794608244541,2.7065661616175896,-0.9929160470594179,1.0
56.0,-0.847998365598453,1.04345933028073,1.26736889218816,1.1355294901263702,0.0213621025987426,0.33691410413282796,0.3984797427978489,0.317399165838859,-0.0286579453593501,0.534033192472464,0.811280074910828,-0.0710028675857182,-1.96905159541282,0.450006443181567,-0.263173073378825,-0.9683614129491942,0.459253723662508,0.0037711921426382,1.00071625183199,0.128621717056598,-0.0240461057456474,0.21500639749346598,-0.131981589595316,-0.007415626813253909,-0.136578135429545,-0.24296077820665601,0.38293084682331,0.276416935663384,20.22
11092.0,0.3782745040060089,3.91479678866992,-5.726872015366268,6.09414095882864,1.69887526405022,-2.8073139468834003,-0.591118212837213,-0.123495593086659,-2.5307128139083197,-5.1530946098992585,4.654088422543009,-7.83953899762349,1.3718185803358105,-9.634689712636119,-0.739596855842826,-0.6632039456734781,0.8919345405348991,0.978675639075006,-2.0054766027464597,0.44043944089387604,0.149895683076911,-0.601967245529085,-0.613724335539499,-0.403113687819411,1.5684452559779998,0.52188393400233,0.527937749881352,0.4119104058345121,1.0
15817.0,-4.64189285087538,2.90208643306647,-1.5729387093174199,2.507298518227,-0.871782564349351,-1.0409025722626,-1.59390073966645,-3.2549050858157904,1.9089626859370696,1.07741752106048,3.33850216040272,-6.54261034532574,1.09953638182128,-3.26647554459315,1.0147279044429398,-4.84238307827835,-5.269876299726,-2.34466857415508,1.95922405409272,-0.46567922034412196,1.9635966663414601,-0.21741391597324491,-0.54933995583883,0.645545202036521,-0.354557818794591,-0.6117638450064791,-3.9080804754779903,-0.6712482651471171,11.39
26556.0,-19.1798264145873,11.817921989785301,-21.919173580784307,6.0862356342864,-14.708844789842699,-4.30888760741835,-15.3579518065836,12.8571650181242,-3.9998607697811495,-8.9286556608751,5.8492930661792,-8.26164983722413,0.15382914831459601,-8.82935922766409,0.00887883882572681,-7.070953008925401,-13.629720942708499,-4.958829815847901,1.27209136353211,1.572949614923,1.7468015419193401,-1.35314876613352,-0.762965072731218,0.11702785190374301,1.29799375563032,-0.22482505704852496,1.6210523896698898,0.4846144027264001,99.99
14073.0,-4.15301449873357,8.20479650456012,-15.031714209748099,10.330099825448,-3.9944260973629397,-3.2500131844736497,-10.4156978119079,4.62080391044331,-5.7112479709822415,-11.797181067577698,11.277920727806695,-16.7283393320915,0.24136768255770005,-17.7216383537133,-0.3872999233812841,-10.322016678385301,-13.959085373053801,-5.03071003831832,1.1972663350463302,1.41262488019492,1.9769883960988701,0.25651048717528,0.48590810651380395,-1.19882131436036,-0.526567394687845,0.6348735024834781,1.62720907623952,0.7232350685183159,1.0
13.0,-0.436905071360625,0.9189662129093221,0.9245907743881701,-0.727219053596792,0.915678718106307,-0.127867352079254,0.7076416073339351,0.0879623554672504,-0.66527135413364,-0.737979823596458,0.32409781346169,0.277192107214981,0.252624256310781,-0.291896460370468,-0.184520169327133,1.14317370716197,-0.92870926272403,0.680469592634687,0.0254364616880793,-0.0470212823165035,-0.19479582379467106,-0.6726379970177929,-0.156857514491897,-0.8883863209437158,-0.342413218776576,-0.049026728633950994,0.0796923991551505,0.131023789452311,0.89
29753.0,0.269614090485094,3.54975512877325,-5.810353444537059,5.80936957402456,1.53880793351049,-2.2692191356681803,-0.824203333436328,0.35106991534358395,-3.759059456366241,-4.59238980599474,5.479391510096692,-5.657857540918161,-2.6480760898502997,-10.3848897408947,-0.225946407826958,-0.701882908954806,0.40973584050041495,0.9396036940294828,-1.95429995537505,0.310524633435283,0.3711211112092879,-0.322289520392532,-0.549855883222537,-0.520628958812409,1.3782103866466298,0.5647142926894411,0.553254713878568,0.4024000091592501,0.68
472.0,-3.0435406239976,-3.1573071209022796,1.08846277997285,2.2886436183814,1.35980512966107,-1.06482252298131,0.325574266158614,-0.0677936531906277,-0.270952836226548,-0.838586564582682,-0.41457544828572496,-0.503140859566824,0.6765015446358629,-1.6920289330590599,2.00063483909015,0.6667796959019661,0.599717413841732,1.7253210074551395,0.283344830149495,2.10233879259444,0.661695924845707,0.435477208966341,1.3759657425430605,-0.29380315273402097,0.279798031841214,-0.145361714815161,-0.252773122530705,0.0357642251788156,529.0
37.0,1.2956676207306799,0.341483451353791,0.0815051987484797,0.566746069705835,-0.11045877327726401,-0.7663247927202339,0.0731549033988192,-0.16830413762073598,0.0718371100236598,-0.28104399420091,-0.549533938889144,0.0490931624959103,0.303950022826475,-0.31675019245270397,1.13489720516941,0.635909577425588,-0.199763166132168,-0.12205106420747301,0.0045161815786887,-0.0659833832780103,-0.323607229319987,-0.9297813721424592,0.063808805668539,-0.19356511464898396,0.287574217952475,0.12788098521708802,-0.0237311930875266,0.0251996726837571,0.99
41.0,1.14552438734553,0.575067968122658,0.194008459987088,2.5981917449879597,-0.0922100226629796,-1.0444295836732,0.5315875929652161,-0.241888126572805,-0.8962871739431341,0.757952330755115,-0.448937077852659,-0.660863324849119,-1.3085221727546799,0.7888637941226629,0.320294451189993,0.295403810318671,-0.28787845487047,-0.451452922896375,-1.01144616734405,-0.19104998704609805,0.0111063338152907,-0.119703100297783,-0.0765095275824603,0.691320431435738,0.633983977143587,0.0487412744528967,-0.0531919416370361,0.0162514987654748,34.13
48.0,-1.79340624422786,1.85460399082838,0.9795139766444808,1.11226152645262,-0.206402962131258,-0.19954566809244506,0.6166424042353,0.0641803531775705,0.690271532341837,1.5517238171463599,-0.16196484167768,0.4242130609822461,0.0159444010110314,-0.405832818314697,0.271930432913219,-1.4230206486453605,0.676324382969801,-0.9110483000367041,0.4618454981126061,0.6678468716962911,-0.180722525691681,0.235138169654476,-0.0914415713260925,0.417654473831525,0.12273384623732099,-0.232985041190746,0.8118798414783008,0.6185683119396221,26.72
28242.0,-2.7872479306153304,-0.0713403777285035,-1.5052877752330602,3.36177713733967,-3.3574216688366496,0.565834734346537,0.303653111125521,0.9669144849436758,-2.24588195188782,-3.65142656863483,0.9872770219632908,-3.83478156926117,-0.9613541425247459,-3.1821680848114298,-1.1260022842247,-2.95430081252595,-5.84121800175148,-2.91043029785417,-1.15585017273094,1.60739677185147,0.882940442444742,-0.246201930041865,1.7522267845867199,0.21992496454436802,0.15628169505776002,-0.265894317684036,0.22069402325328197,0.256076869786525,730.86
47.0,1.19783859904952,0.236827617702066,0.5096050016335639,0.6576586598753261,-0.365487846531556,-0.7451010672193341,0.07949744799295301,-0.130535519206068,-0.0522631188334045,-0.11005789766725099,0.307131474741218,0.670664429232084,0.437973609417859,0.269026235243189,1.12741944172679,-0.196922570885677,0.00770367393603528,-1.12264047790795,-0.5909176909267769,-0.120981428275126,-0.149875596688501,-0.37421066759700106,0.14551598580790198,0.414983921314997,0.212156010664903,0.181724249919295,-0.0164021340612288,0.0159942089881169,3.63
52.0,1.14736892702922,0.0590346445535856,0.263632341401774,1.2110234582393602,-0.0440955788263387,0.30106650133832,-0.132959855687363,0.22788513625146106,0.252191237226831,0.083903938117339,0.645046450909254,0.41336174804954295,-1.46803602930219,0.502861187887764,-0.626936022547138,-0.369716051829749,-0.0317992395701179,-0.215342173803487,0.0550196503583034,-0.25592387490088603,-0.0878134178536766,-0.11075640677334199,-0.0977707247600232,-0.323374178237458,0.633278881348768,-0.305327819106935,0.0273941237350875,-0.000580464688818191,6.67
1.0,-0.9662717115720872,-0.185226008082898,1.79299333957872,-0.863291275036453,-0.0103088796030823,1.24720316752486,0.23760893977178,0.377435874652262,-1.38702406270197,-0.0549519224713749,-0.22648726383540105,0.178228225877303,0.507756869957169,-0.28792374549456,-0.631418117709045,-1.0596472454324999,-0.684092786345479,1.96577500349538,-1.2326219700892,-0.208037781160366,-0.108300452035545,0.0052735967825345295,-0.190320518742841,-1.1755753318632098,0.647376034602038,-0.22192884445840694,0.0627228487293033,0.0614576285006353,123.5
20011.0,-14.724627011925302,7.8751567927304675,-21.872317364456602,11.906169907890101,-8.34873369160876,-2.2628464196924503,-15.8334427819606,0.0778736741759969,-6.35683349086288,-13.2616517082667,10.0637897462894,-14.394766801672098,0.654888723464231,-14.2483158270781,-0.30536076140107105,-8.16163244506225,-12.2809648581754,-4.81858639342974,0.7197876821087908,0.996468755724792,-2.3623449275188397,1.09955729576975,1.0371994230130699,-1.03635934178889,-0.254776514154375,0.642343201018144,2.16112922373151,-1.40128201963858,1.0
28755.0,-30.552380043581,16.7133892350242,-31.103684824581197,6.53498386355181,-22.105531524316,-4.9776919636924495,-20.371513594495,20.0072083651213,-3.5657377912437798,-7.7310714411342,3.8294273949908,-5.31433227604015,1.4469302799291297,-4.5792637281521795,-0.14229936001010599,-4.99784830436345,-10.961410356118801,-4.64148195920404,0.567056279787444,1.7336439936895502,1.8165201713562,-2.28868550494101,-1.4605444987757799,0.18317948271681891,2.2082091783665296,-0.20882397124771301,1.23263629519904,0.3566600108840471,99.99
20931.0,-16.3679230107968,9.22369194937548,-23.270630523285604,11.8447765860728,-9.46203714585895,-2.45044437416398,-16.9251520440555,1.38420847895884,-6.287735948169639,-13.002709301069698,9.691460982073188,-13.886595158524802,0.8383613758361159,-13.5170724083842,-0.377910607106286,-7.85568149439455,-11.8038151924676,-4.761025942068558,0.6186244127996651,0.993584598744375,-2.3436735942979703,1.00460241382139,1.18821215709493,-1.04718376839983,-0.0355727659827232,0.6648997743673729,2.1227957542308302,-1.41674061492574,1.0
26.0,-0.529912284186556,0.8738915814603259,1.3472473293011298,0.14545667658225694,0.414208858362661,0.10022309405219,0.7112060829596492,0.1760659570625,-0.286716934699997,-0.4846876831968521,0.872489590125871,0.8516358599043392,-0.571745302934562,0.10097427304575099,-1.5197718325851202,-0.2843759782617881,-0.310523584869201,-0.4042478688009051,-0.8233735239141551,-0.29034761086543603,0.0469490671140629,0.20810485507629892,-0.185548346773547,0.0010306598329328802,0.0988157011025622,-0.5529036030405179,-0.0732880835681738,0.0233070451077205,6.14
17220.0,1.18978435670385,0.9422894020143272,0.0823341450498769,3.02404970580847,0.412406009418248,-0.21441455847943802,0.0535578385040748,-0.110353351082093,0.8837977573500658,-0.5542239005258729,0.154921008931302,-2.7767565749478798,1.6412066261065,-0.45607695680899,-1.24041439240797,0.857322735948866,1.70702446635297,0.526349196477535,-0.8651046098422142,-0.143434644974988,-0.5026355584851729,-1.04739752764089,-0.0567520238885425,-0.3406884047521839,0.541235201259928,-0.0983002868955662,-0.0030411199129353,0.049819020358336,3.79
25254.0,-17.2751911945397,10.8196653713117,-20.36388597391489,6.04661174671427,-13.465033351732199,-4.16664724489873,-14.4094479851747,11.5807967244857,-4.07385571204177,-9.153368038345867,6.21088301172371,-8.77857203246194,-0.0613674966661798,-9.57466229922106,0.0492885399107771,-7.4184872787268095,-14.102771876486402,-5.01642333521081,1.3903143605027601,1.54497046707519,1.7298040916597,-1.20809608165502,-0.7268392241639989,0.112539673508366,1.11919347248491,-0.233188990129274,1.6840629925057802,0.503739738280361,99.99
25426.0,1.12533553530785,1.13014648418496,-0.962975334759173,2.6756878586311803,0.9900745184692028,-0.24331774118443106,0.316192138064781,0.122960131988498,-1.1433427947576,-0.369908966047961,1.83449419801385,-0.49124331541595795,-1.12990700459946,-2.23862224442526,0.27846874170613,1.47792560308038,1.7764542951025502,1.1492821858304199,-1.30699464468423,-0.13881369750924696,-0.166736918429935,-0.52193383894905,-0.112376257435029,-0.592076750460089,0.520791314299405,0.0433535805717847,0.0151590212632604,0.0636117222853327,3.76
34.0,-0.762255665726893,0.12776775195364698,2.65005638571315,-1.87566277123804,-0.893356398126455,-0.268714889488759,-0.419863596621261,0.146233406715251,-0.8696352901545971,-0.0386516694016891,-0.6861243871030079,-0.502910878643487,1.3808263221849495,-1.03912460633328,0.6528420890328079,1.89874756257003,-0.458413549068005,-0.559803242547051,-0.295102639926884,0.35939290571498705,0.433349641511561,1.26040266443393,-0.40470003615523203,0.0949455232807396,0.48097597687001703,-0.0906846797223101,0.319222972697776,0.13559992461591305,15.99
26961.0,-23.237920244511,13.4873857909274,-25.1887729688701,6.261732551485782,-17.3451881651558,-4.53498915241687,-17.100492477163698,15.374630025279801,-3.8455667717624302,-8.51176669710133,5.138547321903901,-7.220019864414929,0.6157932860194051,-7.3272215995796,-0.0386320690669864,-6.33151509399145,-12.688857627506401,-4.84738160696153,1.0205358792914399,1.63078748322503,1.7697081294911399,-1.69197330547661,-1.04567292278161,0.14338649986341198,1.61157707182701,-0.22157564473626398,1.4812326063806498,0.438124804842523,99.99
52.0,-3.00523672241459,2.60013820219461,1.4836907372621202,-2.41847295513682,0.306326406574465,-0.824574531939418,2.0654256392882,-1.82934658938092,4.00925851665725,6.05152135077273,2.5725001819426803,0.0668507400137308,-0.3535743094974389,-2.83713599830894,0.292226879668893,-0.303773839706442,-1.94230314485255,-0.435449716450276,-0.934016115189154,2.45672404561526,-0.852308858371298,-0.18126848384372196,-0.163746504079237,0.5158205258001349,0.13631843199517,0.46005396748239896,-0.251258637837596,-1.10575115708552,1.46
26585.0,-19.856322333443305,12.095893225929899,-22.464082746487602,6.11554110191771,-15.1480215209615,-4.34672408349599,-15.648507472266099,13.2768048056341,-3.97416161954102,-8.85919405880884,5.73081553744459,-8.088033512136509,0.23082496932490196,-8.57897327333454,0.0009466366931860787,-6.94774606726094,-13.472897007650099,-4.94021082886802,1.23014255193802,1.5829295549218705,1.75072984045421,-1.4096357090814098,-0.809809278333882,0.121396659905885,1.3503000707746802,-0.2242918735255849,1.5976213683525402,0.476919818025438,99.99
39.0,-1.33088157532471,0.26754022707339,-0.168469573562158,-0.7012321479887711,3.28197152637576,3.2163896150267406,-0.0593943523071498,0.895430427879541,-0.0177788238187959,-0.16575321789526598,-0.7650473056339989,-0.0156362827296156,-0.35662598956324304,-0.0412000005982097,-0.735103099898972,0.0305333144480771,-0.778067287751348,-0.0151596831713987,-0.15282406849587302,-0.113875191254896,-0.151042302183246,-0.311726353053032,-0.3747928127347779,1.01488604023913,0.353991877144656,-0.51032707197523,0.159032671096812,0.22870792750846505,13.84
21419.0,-17.4677100117887,10.114815724665402,-24.2021422329158,11.805469210591301,-10.1980458075926,-2.5799380080012004,-17.6567879964837,2.2569024759669905,-6.242149309490651,-12.8306571996417,9.44266526535108,-13.547485899944403,0.9607285583255792,-13.0287170264518,-0.426674498701321,-7.65266166506753,-11.485327789647801,-4.7213695755310185,0.550519004149565,1.00151850195952,-2.3280244162105697,0.9408303193501779,1.29681706144136,-1.05510390359967,0.11179202805361999,0.679694612203418,2.0935405711256903,-1.42549145377361,1.0
8408.0,-1.81328048476897,4.91785071056565,-5.92612969400656,5.70150043141163,1.2043925721436202,-3.03513754815611,-1.71340206347108,0.561257390902032,-3.7963542517116298,-7.4548406507835105,7.38805512292025,-10.4752286504099,-0.379314526756117,-11.7367291212569,-2.08698895215593,-2.44235398293755,-3.53552351168246,0.130360306640887,-2.07145048844325,0.5766560333320689,0.615641835107552,-0.4064272753179,-0.73701807643754,-0.279641772215917,1.1067663744335001,0.32388547771945303,0.894766671515833,0.5695186002695141,1.0
17520.0,-5.26805322089363,9.067613427317669,-15.960728134514401,10.2966027898053,-4.70824109122294,-3.39537485177836,-11.161057002879698,5.49996263444947,-5.6673755459283495,-11.6271935556579,11.0270590938161,-16.3880541668327,0.363921486512734,-17.230202160711,-0.43748755924899296,-10.1223919213552,-13.639208991523398,-4.9864572584422895,1.12678437819631,1.45587819528,2.00410994522741,0.19105839938438696,0.6229276698751259,-1.20926355739155,-0.3747988626426661,0.64879803679546,1.58469734677224,0.720055870245492,1.0
46.0,-0.3782446345082221,0.7329254731447891,-0.12015421084374,0.18575507207310996,2.59426949152718,3.79718265118537,0.0590879612001456,0.9767682780205508,-0.412660864918736,0.0067536882536664,-0.624666242175613,-0.115851957802005,-0.21503727296506608,0.14044940338935,0.160265566475215,-0.601890179366329,-0.14435531524053194,0.221557464920078,1.45485216223185,0.315571560739074,-0.107581845449129,-0.15713951735447101,-0.194659196235448,1.01389734659882,0.145503366823794,-0.237619522591439,0.41137173739015104,0.20278845496258802,11.45
20332.0,-15.2713618637585,8.32658106147414,-22.3385905133352,11.8853128922128,-8.72133435613386,-2.32430694897567,-16.1964186599881,0.5128818204244849,-6.3336851559474505,-13.175198078736,9.939819741725689,-14.2254557039818,0.7160336651928729,-14.0047761755606,-0.329447848153274,-8.0594194070953,-12.122008815823698,-4.7997101325496105,0.6862271635974581,0.993121017282391,-2.3568962794623,1.06801917704623,1.0856171672433799,-1.03979707801119,-0.18200613624667306,0.649920860777984,2.14924707788821,-1.40681133211222,1.0
38.0,0.15833178230175898,0.872687435246972,0.965524582020175,1.80212716128867,0.13902198100984198,0.11086309996220699,0.5590791858764761,-0.0290709324327654,-0.394912253717594,0.0326744802467683,-0.500918900235755,0.631916037705799,0.7546936165556779,-0.0476554686939835,0.348217616820134,-1.49352680501418,0.757230631601602,-0.6843692162107199,1.3033587590953601,0.089837782828709,0.116269965704937,0.6916850387300849,0.121112830020818,0.11614216764385499,-1.1127250116355,-0.30336914526566305,0.32753280391296,0.255621383050512,21.76
7.0,-0.644269442348146,1.4179635454738502,1.0743803763556,-0.49219901849501496,0.9489340947641568,0.428118462833089,1.1206313583835301,-3.8078642387358905,0.615374730667027,1.24937617815176,-0.6194677961219129,0.291474353088705,1.75796421396042,-1.32386521970526,0.686132504394383,-0.0761269994382006,-1.2221273453247,-0.35822156986907794,0.32450473132149393,-0.156741852488285,1.94346533978412,-1.01545470979971,0.05750352986729099,-0.6497090055599929,-0.415266566234811,-0.0516342969262494,-1.20692108094258,-1.08533918832377,40.8
42.0,-0.24936132796155105,0.399227372862504,0.068009333708328,-1.06061882632292,2.41039917069756,3.73657391553938,0.316446080126551,0.672296305826337,0.015140168440883997,-0.269501562245437,-0.49512044998454896,-0.161505830003069,-0.274214413311662,-0.27619076761852,-0.172408739733759,-0.11896210635999302,-0.550002391086682,-0.148051640353341,0.7717617828342171,0.10767634944671901,-0.257662841099466,-0.6167622901669411,-0.156668822049934,1.03113494324514,0.120617108005851,0.31049406671685403,-0.288298624314493,-0.22396427402145397,32.51
11635.0,0.9191365073269808,4.199632669020772,-7.53560659365729,7.42694037455047,1.1182153300131898,-2.88672235145027,-1.34103599607144,0.36393326835333706,-2.20322443100109,-4.13784019622865,4.57011280759332,-7.62916958856017,1.73391746350254,-9.440374994598429,-0.0233533498971062,-1.23395828198259,1.6320088576408702,1.3157345644726999,-0.287188855297045,0.5354346631502329,0.31609359920425395,0.0551792270194195,0.21069215028398,-0.41791788143814507,-0.91118827562932,0.466523924588163,0.627393270472548,0.157851282541588,1.0
49.0,1.09860834614642,0.20242356382910104,0.525455971945753,1.3234362720139399,-0.130486421204476,0.0399243070766149,0.0283794159028238,0.0728410708847139,-0.0978693519806861,0.0195129951686423,1.4744133209006298,1.6896742175843502,0.506780523264567,0.125136664522659,-0.8927097117735601,-0.621679133317781,0.0443402665913568,-0.6420939542006221,-0.161986891000608,-0.128040892456864,-0.0249716784462107,0.15426426003807198,-0.0631467432547598,0.25320530713879297,0.629405434975953,-0.345344655387218,0.0404693378711826,0.010263750026757,13.18
7891.0,-1.5855053669199397,3.26158454822833,-4.13742198305023,2.35709625199132,-1.40504331370135,-1.8794371930647704,-3.51368687087654,1.5156067456881597,-1.20716636120056,-6.23456133227108,5.45074606689486,-7.33371406736393,1.36119332407831,-6.60806825219469,-0.48106942489982896,-2.60247787045261,-4.83511205239717,-0.553026089102902,0.351948943356815,0.315957258937511,0.501543149467536,-0.54686881157389,-0.0765836358993043,-0.4255503668415809,0.123644186352002,0.32198453933661303,0.264028160503965,0.132816719764592,1.0
55.0,-0.7734500004581891,0.8531124943681899,0.818253541761677,-0.236070161217933,0.803462538724049,-1.43872833170719,0.799479364773059,-0.00798899962925418,-0.761089558526749,-1.04446403350044,1.5041348942127402,-0.291634167856543,-1.61543302342075,-0.665286835592656,-0.292983045822984,0.8031060541875931,0.462149366883927,0.83464109457954,-0.65179683321786,-0.10085848950269001,0.0353615493510926,-0.11689031612296302,-0.17892634676049102,0.400155137444786,-0.0262306839064335,0.16515568350303,0.027761800392197004,0.132979788496602,0.76
34.0,0.20168589143075197,0.49748321543278096,1.3739125741005,0.571405317647578,-0.6306577501422429,-0.5396591237725991,-0.0762702908119869,-0.9171057500190368,0.27000840621523103,-0.48028068211082503,-0.512532739970476,0.680906258686799,0.08992303652196801,-0.157405056857078,-0.588819331688659,-0.477908445696603,0.22538879557879002,-0.668680159238467,-0.0235994213112055,-0.222302592236684,0.7189610698691731,-0.17187687023179002,-0.16620525458887,0.776471323845633,0.818460355548391,0.442547455443563,0.142757246943121,0.21923760970849696,9.99
44.0,-0.948896382774995,0.24841362009197104,2.956914245378,2.81374999056136,0.145538801826429,-0.0273529716038449,0.133701634240577,-0.307534956765323,-0.125243760627442,1.03493960020462,-0.532647840011533,-0.18987796619930492,0.0812221878395934,-0.9390532676060328,0.081187230147607,-0.129784753449715,-0.17435346324256,-0.0902909933540908,0.22243454417213496,-0.0561863263047544,-0.0836469065443144,0.41609008188972896,0.2075367349879549,0.716064035097256,-0.602311114532848,-0.0642300143639965,-0.315057518447682,-0.27246333224823105,0.75
8451.0,0.31459658972951504,2.66067027657541,-5.920037380344629,4.52249960508858,-2.3150272861839,-2.2783516539477597,-4.68405393631569,1.20227026523098,-0.694695511200349,-5.52627805985834,6.66243683071252,-8.525464925345629,0.742745446888019,-7.67866801029943,0.593070459066131,-4.4781365953432415,-5.84426647937357,-1.1027307945783,2.17738568653903,0.562705643312244,0.7433140234289829,0.0640383555765096,0.6778416752503461,0.0830078227438395,-1.91103446375022,0.322188398435937,0.6208665388204879,0.18503035472870305,1.0
11629.0,-3.89119195123086,7.0989162521574904,-11.4264670967961,8.60755678650129,-2.06570621026229,-2.9852880220359506,-8.13858941693861,2.97392807853452,-6.272790468365471,-13.1934150665232,11.6197234753825,-17.631606313870698,-0.355194389515515,-18.8220867423816,-1.2831290856146,-10.031096656869801,-15.227007509925599,-5.32200898058982,-0.501750653452579,1.38261899967275,1.75708522742867,-0.18970915318714998,-0.508629244173448,-1.18930816877394,1.18853649934791,0.6052418859136259,1.8815287524147999,0.875260407222375,1.0
7740.0,1.02387386852139,2.0014852662661298,-4.7697518322097405,3.81919458538265,-1.2717542273697,-1.7346624268403,-3.05924503160896,0.889804791975203,0.415382113237262,-3.95581234352737,3.57205481558784,-7.1864515905058814,0.14724234080210902,-5.24930454889762,1.6783336735853502,-2.6414731091517796,-1.31205856007348,-0.391716050952505,1.11826355175812,0.20413768404227106,0.34328264872225106,-0.0541956644068491,0.709653952497143,-0.3722158669469761,-2.03206836614816,0.36677760207119203,0.395170669257609,0.0202055389458413,1.0
26833.0,-20.5327510764355,12.3739891389716,-23.0090029136283,6.14482097803751,-15.587296003592801,-4.38449066917613,-15.9390026942523,13.696416119398998,-3.94845491908543,-8.78972336330438,5.61234710799626,-7.914422366303492,0.30781996836514897,-8.32860088836825,-0.00697929458963793,-6.82452417207669,-13.316079190317302,-4.9216120866876,1.18820420779718,1.59275393136331,1.75460760918813,-1.4661152525364098,-0.85677863566488,0.125776576475404,1.40258698975375,-0.223754856770293,1.57424873519633,0.4692006931585229,99.99
11.0,1.0693735878819002,0.287722129331455,0.8286127266342809,2.71252042961718,-0.178398016248009,0.33754373028296797,-0.0967168617395962,0.11598173554659698,-0.22108256623619396,0.4602304443016779,-0.7736569305266892,0.32338724546722,-0.0110758870883779,-0.17848517517791604,-0.65556427824926,-0.19992517131173,0.1240054151819,-0.980496201537345,-0.982916082135047,-0.153197231044512,-0.0368755317335273,0.0744124028162195,-0.0714074332998586,0.104743752596029,0.548264725394119,0.10409415316278098,0.0214910583643189,0.021293311477486,27.5
36.0,-1.00492933857661,-0.985977681437715,-0.0380388289597724,3.71006135915003,-6.631950832131209,5.1221025814229675,4.37169125592055,-2.00686750606648,-0.278736460739287,-0.230872923441907,0.14515526323983702,-0.0631560504596301,-0.7995850705640299,-0.341956368039262,-0.930529781903999,0.510510185482595,0.0924281060557055,0.823984132238812,1.1903978001303799,-0.00197997769185823,1.3934060040900702,-0.3816713951665421,0.9697191756460859,0.0194447958389348,0.57092281345927,0.333277781691674,0.8573731923655871,-0.0755382461617961,1402.95
48.0,-0.580628965016257,0.482683933097182,1.33312308028373,-0.253080022676203,-0.0284689398233383,-0.519165700319527,0.503249460809705,0.11777348289602099,0.11711223801782199,-0.420487538793211,0.449718913713424,-0.0178648303429265,-1.98382317941023,0.32166348923286403,-1.42530187959129,0.12519416339846498,-0.404409451618886,0.0977768572186709,-0.0205312679140408,-0.298750730213523,-0.0421423262477711,-0.148707275565971,0.0014511649771445198,0.302764487325416,-0.6807141992003629,-0.0155539239808445,-0.00630700434213483,0.164222205343532,21.66
7535.0,0.0267792264491516,4.1324638971300285,-6.5605999680965805,6.3485566731398295,1.32966566904142,-2.51347884762413,-1.6891022003132798,0.30325280054758896,-3.13940905736457,-6.0454677977880085,6.75462544809695,-8.94817857893317,0.7027249980998729,-10.733854103230598,-1.3795198568171798,-1.63896011485587,-1.74635013628103,0.776744097926754,-1.3273566354901498,0.5877432190064069,0.37050865149325296,-0.5767524731743299,-0.6696053717662379,-0.7599075295386178,1.6050555501746202,0.5406753964288991,0.7370403816839771,0.49669910816833707,1.0
28692.0,-29.200328590574397,16.1557014298057,-30.013712485724806,6.47673117996833,-21.2258096535165,-4.90299739658728,-19.791248405247,19.168327389730106,-3.6172417860425496,-7.87012194292549,4.06625507293473,-5.66149242261771,1.2929501445424199,-5.07984568135779,-0.126522740416921,-5.24447151974264,-11.274972585125198,-4.67843652929376,0.650807370688892,1.7158618242835801,1.8093709332883998,-2.1758152034214198,-1.3651041075509,0.174286359566544,2.10386807204715,-0.20994399913056694,1.27868097084218,0.3723927143385409,99.99
